gender,age,tenure,monthly_charges,total_charges,contract_type,internet_service,payment_method,support_tickets,satisfaction_score,actual_churn,predicted_churn
1,30,16,546.12,8737.92,0,1,1,3,9,0,0
0,64,19,849.34,16137.46,2,1,1,3,5,0,0
0,65,20,2097.01,41940.2,0,2,2,8,3,1,1
0,31,18,594.19,10695.42,2,2,0,7,9,0,0
1,35,69,900.44,62130.36,1,0,2,8,7,0,0
0,34,14,2496.26,34947.64,1,2,2,4,8,0,0
1,42,66,2974.73,196332.18,1,2,1,5,2,1,1
0,35,29,2265.4,65696.6,1,2,1,7,8,1,1
0,30,69,986.1,68040.9,0,2,2,0,1,0,0
0,25,22,1969.73,43334.06,2,2,1,9,6,0,1
0,42,40,2261.29,90451.6,1,2,3,6,9,1,0
0,19,38,558.47,21221.86,0,2,0,6,1,1,0
0,21,47,806.15,37889.05,0,0,0,8,5,0,0
0,58,42,2082.03,87445.26,2,0,2,5,2,1,1
1,46,32,2560.26,81928.32,1,1,2,4,5,0,1
1,51,66,2085.69,137655.54,2,2,2,0,9,0,0
0,51,22,1113.69,24501.18,0,1,2,10,1,1,1
0,70,25,434.4,10860.0,0,1,2,5,4,0,0
0,57,46,362.31,16666.26,1,0,3,10,8,0,0
0,48,50,1299.41,64970.5,2,0,1,5,2,0,0
1,56,53,1295.62,68667.86,1,1,1,3,2,0,0
0,41,27,1040.25,28086.75,2,2,1,9,3,1,1
0,66,35,403.49,14122.15,2,0,0,3,10,0,0
1,32,44,1848.88,81350.72,2,1,3,5,8,0,0
1,39,14,301.6,4222.4,0,0,2,9,7,0,0
0,31,32,2438.32,78026.24,2,2,2,1,9,0,0
1,70,1,2970.81,2970.81,2,0,2,10,4,1,1
0,46,22,2923.39,64314.58,0,1,0,9,9,1,1
1,58,12,1869.47,22433.64,0,2,3,3,1,0,1
1,34,1,2066.27,2066.27,0,2,0,2,5,1,1
1,35,25,676.7,16917.5,1,1,3,6,3,1,1
1,57,51,2909.64,148391.64,2,1,2,2,9,0,0
0,62,23,1063.29,24455.67,0,1,2,2,10,0,0
1,57,66,366.98,24220.68,2,0,2,5,10,0,0
0,65,23,2573.12,59181.76,0,1,3,6,10,1,0
1,51,34,1636.94,55655.96,1,1,1,4,8,0,0
1,21,70,1845.21,129164.7,1,1,2,2,6,0,0
1,39,22,2419.65,53232.3,0,1,3,4,3,1,1
0,65,55,1690.37,92970.35,2,2,2,3,4,0,0
1,21,5,2804.13,14020.65,2,2,1,9,7,1,1
0,52,47,1382.81,64992.07,0,2,1,9,7,0,0
1,24,4,2686.2,10744.8,0,1,0,6,5,1,1
0,63,33,2447.54,80768.82,1,2,0,2,4,1,1
0,48,37,1789.15,66198.55,2,1,2,10,5,0,1
0,41,15,2983.98,44759.7,0,1,2,9,1,1,1
0,46,31,1485.64,46054.84,2,2,3,2,6,0,0
0,46,29,1531.93,44425.97,0,2,1,0,2,0,0
0,56,30,741.57,22247.1,2,2,0,8,3,1,1
1,31,15,2203.49,33052.35,2,2,3,3,1,1,1
1,66,62,1117.41,69279.42,2,0,3,7,6,0,0
0,34,11,389.68,4286.48,2,0,3,2,5,0,0
1,66,3,660.99,1982.97,1,1,2,6,10,1,0
1,37,11,1206.8,13274.8,1,0,2,9,4,1,1
0,55,19,548.11,10414.09,2,2,2,6,2,1,1
0,34,3,697.07,2091.21,0,0,3,6,6,1,0
1,59,44,985.25,43351.0,2,2,0,0,1,0,0
1,44,40,2529.06,101162.4,1,0,3,6,7,1,1
1,56,52,1031.67,53646.84,2,1,3,4,5,0,0
0,47,37,959.52,35502.24,0,0,0,7,4,1,0
0,45,66,2730.61,180220.26,2,2,1,8,8,1,1
1,49,56,2966.48,166122.88,0,1,3,0,5,0,0
1,54,5,1074.3,5371.5,0,1,3,8,6,1,1
1,70,39,2565.55,100056.45,0,0,1,8,4,1,1
1,49,45,804.17,36187.65,0,2,2,7,5,0,0
1,68,3,301.2,903.6,1,1,2,6,3,1,1
0,36,65,2175.58,141412.7,2,1,3,7,2,1,1
1,44,7,1168.85,8181.95,0,1,0,7,10,1,0
1,64,24,365.14,8763.36,1,0,2,6,9,0,0
1,41,5,2318.68,11593.4,1,1,1,4,2,1,1
0,49,52,2488.41,129397.32,0,0,3,0,10,0,0
1,61,26,2500.65,65016.9,1,2,1,4,10,0,0
0,33,41,2738.22,112267.02,0,2,3,9,9,1,1
1,20,72,1935.94,139387.68,2,2,3,4,6,0,0
1,64,1,1722.54,1722.54,2,0,0,7,7,1,1
0,25,26,1091.27,28373.02,1,0,0,3,10,0,0
0,42,28,1217.28,34083.84,2,1,0,6,8,0,0
0,23,18,2942.78,52970.04,1,2,3,0,9,0,0
0,52,62,349.6,21675.2,2,0,3,9,4,1,0
1,33,9,2294.74,20652.66,0,0,2,10,3,1,1
1,54,65,2885.1,187531.5,2,1,3,7,1,1,1
0,70,47,1717.24,80710.28,0,1,1,4,3,0,0
1,30,60,1375.73,82543.8,0,1,2,2,6,0,0
1,41,33,461.85,15241.05,2,2,2,1,5,0,0
1,63,8,768.46,6147.68,0,1,1,10,8,1,1
0,38,57,2978.65,169783.05,1,0,0,10,1,1,1
0,20,1,2683.13,2683.13,0,1,2,3,7,1,1
1,49,4,596.96,2387.84,2,2,1,7,3,1,1
0,47,18,577.63,10397.34,2,1,2,9,5,0,1
0,19,26,2840.78,73860.28,2,1,0,3,8,0,0
0,23,42,1061.74,44593.08,1,0,2,3,6,0,0
0,41,39,1739.24,67830.36,0,2,2,1,1,0,0
1,52,24,976.57,23437.68,2,1,3,2,10,0,0
0,62,29,356.76,10346.04,1,1,0,10,10,0,0
1,51,55,1450.0,79750.0,1,0,3,1,10,0,0
1,52,62,657.51,40765.62,1,1,1,5,10,0,0
0,70,37,2846.53,105321.61,0,1,3,7,6,1,1
0,35,65,1629.97,105948.05,0,1,1,8,10,0,0
1,56,57,2204.2,125639.4,2,2,3,9,6,1,1
0,32,24,663.05,15913.2,1,2,1,2,9,0,0
1,42,49,1832.27,89781.23,0,2,1,1,3,0,0
1,34,20,2813.38,56267.6,0,0,2,3,7,0,1
1,49,20,1246.5,24930.0,0,2,3,5,2,0,1
1,67,26,2457.4,63892.4,0,1,0,7,9,1,1
1,37,65,834.07,54214.55,2,1,3,6,6,0,0
1,42,51,1658.98,84607.98,2,1,0,10,4,1,1
0,20,14,753.45,10548.3,2,2,2,9,4,1,1
1,64,25,2944.94,73623.5,0,2,0,9,10,1,1
1,47,67,1000.64,67042.88,1,1,3,10,7,0,0
0,31,14,2591.71,36283.94,2,0,2,3,1,1,1
1,65,48,1419.37,68129.76,0,2,1,5,6,0,0
1,63,32,445.93,14269.76,2,2,3,4,8,0,0
0,22,2,542.5,1085.0,2,0,0,8,9,1,0
0,33,40,1443.97,57758.8,1,0,3,9,9,0,0
0,44,35,2325.36,81387.6,1,1,1,1,10,0,0
0,32,28,1870.38,52370.64,1,1,2,6,8,0,0
0,27,5,2215.62,11078.1,1,1,3,4,1,1,1
1,48,26,338.29,8795.54,1,0,0,2,6,0,0
1,49,65,2917.96,189667.4,1,2,3,4,4,1,1
1,60,16,501.44,8023.04,0,1,3,10,5,0,1
0,26,16,522.94,8367.04,1,2,0,6,5,0,0
1,31,2,514.5,1029.0,1,2,0,3,4,1,0
1,27,42,1077.48,45254.16,0,1,0,5,9,0,0
1,57,16,1870.34,29925.44,1,1,1,2,4,0,0
1,34,33,763.08,25181.64,2,1,0,1,6,0,0
0,25,70,444.31,31101.7,1,2,3,9,1,1,0
0,34,68,1367.64,92999.52,2,0,1,2,4,0,0
0,37,67,1857.65,124462.55,1,0,1,6,5,0,0
0,43,50,1411.13,70556.5,1,1,0,0,2,0,0
0,61,24,1331.89,31965.36,1,0,3,1,7,0,0
1,22,14,2242.26,31391.64,0,1,1,8,4,1,1
0,40,63,2046.69,128941.47,2,0,2,8,5,1,1
1,27,24,1110.78,26658.72,2,0,3,2,6,0,0
1,47,22,1765.27,38835.94,1,1,2,0,9,0,0
1,68,49,1861.18,91197.82,0,0,1,9,7,0,1
1,42,65,2273.0,147745.0,0,0,2,2,6,0,0
0,36,48,2966.35,142384.8,1,2,2,1,5,0,1
1,41,4,2098.11,8392.44,0,2,3,8,8,1,1
1,70,58,2206.7,127988.6,1,1,3,8,7,1,1
0,26,26,1113.38,28947.88,1,2,2,0,4,0,0
1,27,65,2316.97,150603.05,0,0,2,2,7,0,0
0,37,53,2511.31,133099.43,0,1,3,5,7,0,1
1,30,16,2726.6,43625.6,1,1,0,1,1,1,1
0,23,38,2495.03,94811.14,1,2,3,3,8,0,0
0,63,3,1539.73,4619.19,1,0,0,2,5,0,0
0,43,60,2467.23,148033.8,0,1,3,3,2,1,1
1,70,24,884.94,21238.56,1,1,3,4,7,0,0
1,36,21,2779.01,58359.21,0,2,1,8,10,1,1
1,23,11,1052.51,11577.61,2,2,1,1,5,0,0
0,48,20,1649.23,32984.6,2,0,3,6,5,0,1
0,64,43,2979.48,128117.64,1,0,1,8,5,1,1
1,68,63,2867.88,180676.44,0,2,2,0,2,1,1
1,22,46,1746.87,80356.02,0,2,1,3,5,0,0
0,22,19,1450.55,27560.45,1,0,1,10,8,0,1
1,45,38,1980.29,75251.02,2,0,0,8,4,1,1
0,50,70,1153.97,80777.9,2,1,2,7,10,0,0
1,66,37,1383.62,51193.94,0,1,0,10,9,0,0
1,52,42,775.17,32557.14,0,0,0,4,7,0,0
1,49,71,2915.66,207011.86,1,1,3,0,2,1,1
0,19,48,2468.17,118472.16,0,2,2,1,6,0,0
1,20,9,755.32,6797.88,2,1,1,0,7,0,0
1,42,12,2297.37,27568.44,1,0,1,7,6,1,1
0,25,71,2367.48,168091.08,2,1,0,8,7,1,1
0,69,6,2409.36,14456.16,1,0,3,10,6,1,1
1,37,68,2447.29,166415.72,1,0,0,10,2,1,1
0,45,48,2397.77,115092.96,2,1,2,9,8,1,1
0,60,51,2672.56,136300.56,1,1,3,2,3,1,1
0,60,20,2006.59,40131.8,2,0,2,1,4,1,0
0,50,41,716.78,29387.98,0,2,0,5,2,0,0
0,21,25,1339.57,33489.25,2,0,1,7,8,0,0
1,40,71,475.14,33734.94,0,2,1,5,7,0,0
0,30,22,475.85,10468.7,0,2,0,2,6,0,0
0,44,40,1346.69,53867.6,1,1,3,3,10,0,0
0,57,59,1300.36,76721.24,0,2,0,7,2,1,1
1,57,40,2041.32,81652.8,2,1,3,1,6,0,0
0,23,40,1667.47,66698.8,0,2,0,2,2,0,0
0,66,70,1650.0,115500.0,0,2,0,8,6,0,0
0,59,59,2821.26,166454.34,1,0,1,10,4,1,1
0,41,50,2065.94,103297.0,1,1,1,4,1,1,1
1,18,53,381.04,20195.12,1,2,0,9,5,0,0
1,45,43,1301.24,55953.32,2,0,1,8,5,0,1
1,48,14,2158.15,30214.1,2,1,2,5,7,0,1
0,49,7,2133.9,14937.3,2,0,2,7,10,1,0
0,32,13,2238.12,29095.56,1,0,2,7,7,1,1
0,47,48,2279.41,109411.68,2,1,1,7,1,1,1
0,24,66,1474.73,97332.18,1,0,1,6,4,1,0
0,43,16,1232.14,19714.24,1,2,0,8,8,0,0
0,67,12,529.76,6357.12,2,2,3,9,8,0,0
1,63,51,2314.49,118038.99,2,0,2,2,8,0,0
1,51,40,2718.16,108726.4,1,0,2,7,9,1,1
1,30,10,1794.83,17948.3,1,1,1,5,5,0,1
1,43,66,1446.56,95472.96,2,1,2,3,10,0,0
1,28,72,2421.35,174337.2,1,1,3,8,9,1,0
0,37,23,1249.19,28731.37,0,2,1,8,10,0,0
1,54,20,1869.7,37394.0,1,0,0,2,2,0,1
1,68,24,315.65,7575.6,2,2,3,3,10,0,0
0,19,51,2082.27,106195.77,2,2,0,6,2,1,1
1,68,46,2318.39,106645.94,1,0,1,0,3,1,0
0,56,69,782.46,53989.74,1,2,3,0,4,0,0
0,45,32,1479.28,47336.96,2,2,3,3,2,0,1
0,36,61,490.06,29893.66,1,1,2,6,2,1,0
0,27,67,1413.27,94689.09,1,2,2,3,5,0,0
0,22,47,1180.79,55497.13,0,0,0,6,2,1,1
1,33,25,1630.53,40763.25,0,1,0,1,3,0,0
0,36,24,1170.56,28093.44,2,1,2,3,3,0,0
0,70,39,1124.79,43866.81,2,1,1,0,4,0,0
1,38,59,726.84,42883.56,1,0,2,5,6,0,0
0,24,33,2948.25,97292.25,2,1,3,5,10,0,0
1,19,48,1171.02,56208.96,2,1,2,0,4,0,0
0,51,44,862.73,37960.12,0,2,2,7,1,1,1
1,56,62,2583.04,160148.48,1,1,1,1,2,1,1
1,59,66,2551.1,168372.6,0,0,2,3,9,0,0
1,22,19,2245.38,42662.22,0,2,2,5,9,0,0
1,18,44,1746.54,76847.76,0,1,3,7,10,0,0
1,41,50,1547.66,77383.0,1,0,1,1,5,0,0
0,64,16,822.01,13152.16,0,1,3,9,10,0,0
1,31,51,910.3,46425.3,1,2,0,5,2,0,0
1,35,16,1061.3,16980.8,1,1,0,0,1,0,0
1,67,23,2461.82,56621.86,2,2,1,0,1,1,1
0,24,41,361.53,14822.73,2,0,0,8,4,1,0
0,21,20,1966.48,39329.6,1,1,3,6,10,0,0
1,32,1,392.63,392.63,0,1,1,10,2,1,1
0,24,39,926.0,36114.0,1,0,2,5,10,0,0
0,58,27,2998.24,80952.48,0,1,0,5,1,1,1
0,46,12,824.35,9892.2,2,1,1,2,4,0,0
1,39,13,1996.85,25959.05,2,2,3,6,6,0,1
0,61,37,1637.23,60577.51,0,0,0,3,10,0,0
0,55,34,2233.68,75945.12,2,1,2,0,6,0,0
0,32,51,1880.65,95913.15,1,2,0,9,8,0,0
1,46,61,733.47,44741.67,2,2,2,1,9,0,0
0,29,71,2034.22,144429.62,1,2,2,7,9,1,0
0,65,46,998.63,45936.98,0,0,3,0,3,0,0
1,38,33,936.34,30899.22,2,0,2,0,7,0,0
0,43,6,2209.86,13259.16,1,1,0,7,6,1,1
1,25,24,1022.51,24540.24,0,1,3,9,5,0,1
0,57,3,2855.49,8566.47,0,1,3,8,6,1,1
1,41,65,2329.38,151409.7,1,2,0,3,3,1,1
0,29,19,647.7,12306.3,1,2,2,6,1,1,1
1,42,13,1464.41,19037.33,0,1,3,5,10,0,0
1,42,24,343.02,8232.48,2,1,2,5,6,0,0
1,47,45,1735.43,78094.35,1,0,3,6,1,1,1
0,57,2,1373.42,2746.84,2,2,0,2,7,0,0
1,61,42,1930.56,81083.52,2,1,2,9,7,0,1
0,31,3,2342.95,7028.85,0,2,0,3,5,1,1
1,21,15,2557.86,38367.9,1,2,2,10,9,1,1
0,56,50,997.67,49883.5,1,2,1,10,6,0,0
1,29,31,1642.04,50903.24,0,2,2,6,3,1,1
1,25,1,1976.12,1976.12,1,0,2,5,6,0,1
0,70,34,425.33,14461.22,0,0,2,1,1,0,0
0,57,34,2459.88,83635.92,1,0,0,1,6,0,0
0,65,51,1048.35,53465.85,2,0,3,7,10,0,0
0,56,30,872.79,26183.7,1,2,1,8,3,1,1
0,18,61,1723.01,105103.61,1,0,1,7,7,0,0
1,57,10,1796.73,17967.3,0,1,1,1,6,0,0
1,52,14,1306.08,18285.12,0,2,3,10,7,0,1
1,64,24,761.52,18276.48,0,1,0,0,5,0,0
1,40,18,2984.84,53727.12,2,2,1,3,8,0,0
1,44,40,1140.05,45602.0,2,2,1,1,2,0,0
1,46,25,2564.93,64123.25,1,0,0,4,10,0,0
1,20,23,993.89,22859.47,1,0,2,1,5,0,0
1,68,61,511.18,31181.98,0,2,0,6,3,1,0
0,34,11,2919.29,32112.19,0,1,3,6,5,1,1
0,20,59,1953.69,115267.71,1,0,3,2,3,0,0
0,23,69,525.04,36227.76,2,0,0,0,10,0,0
1,28,56,2061.45,115441.2,1,0,2,3,10,0,0
0,70,20,2564.31,51286.2,0,2,1,4,9,0,0
1,50,65,2476.91,160999.15,2,1,2,3,7,0,0
0,39,35,805.42,28189.7,0,1,0,8,3,1,1
1,69,38,821.03,31199.14,2,1,1,1,5,0,0
1,65,46,1754.64,80713.44,2,0,3,0,7,0,0
1,38,57,1026.35,58501.95,1,2,0,2,7,0,0
1,62,36,1335.81,48089.16,0,0,1,9,10,0,0
0,30,49,1769.19,86690.31,2,1,3,4,7,0,0
1,55,9,2648.69,23838.21,2,0,3,1,2,1,1
1,24,45,2461.15,110751.75,0,0,2,5,7,0,1
0,18,1,1727.61,1727.61,1,1,0,4,8,0,0
1,55,49,818.72,40117.28,2,0,2,10,3,1,1
1,49,15,2966.15,44492.25,2,2,1,9,2,1,1
1,61,70,2280.06,159604.2,0,2,3,5,4,1,1
1,27,45,810.91,36490.95,2,0,3,3,4,0,0
1,42,12,972.11,11665.32,1,1,3,5,6,0,0
1,35,42,641.7,26951.4,2,0,3,8,7,0,0
1,20,64,1599.1,102342.4,0,1,1,10,3,1,1
0,56,68,2846.13,193536.84,1,1,1,8,5,1,1
0,20,17,2950.29,50154.93,0,1,1,6,3,1,1
1,43,11,1018.48,11203.28,2,1,0,3,4,1,0
1,42,41,1471.55,60333.55,1,2,2,2,5,0,0
1,26,62,1889.69,117160.78,0,0,3,4,4,0,0
1,69,72,1455.24,104777.28,2,2,3,4,1,0,0
0,48,1,1944.22,1944.22,2,2,2,3,2,1,1
0,52,59,1908.6,112607.4,0,1,2,8,2,1,1
0,56,37,1151.87,42619.19,2,2,0,8,4,1,1
0,24,57,1442.11,82200.27,0,0,0,3,7,0,0
1,18,10,2709.62,27096.2,1,0,1,3,2,1,1
1,38,30,1123.09,33692.7,2,2,3,5,7,0,0
0,43,72,2021.13,145521.36,0,0,3,4,4,1,0
1,42,2,1785.44,3570.88,2,0,1,10,2,1,1
1,33,46,1533.57,70544.22,1,2,0,5,5,0,0
1,34,47,1934.5,90921.5,1,2,3,7,2,1,1
0,51,16,1075.79,17212.64,1,1,1,3,4,0,0
0,28,53,1816.55,96277.15,2,2,2,10,5,0,1
1,62,4,358.47,1433.88,1,2,0,8,1,1,1
0,58,29,2194.65,63644.85,2,1,3,5,6,0,1
1,52,35,2007.76,70271.6,0,1,0,4,10,0,0
1,66,28,1992.81,55798.68,0,2,2,1,6,0,0
0,56,6,553.18,3319.08,0,2,1,0,10,0,0
1,26,66,2929.58,193352.28,1,1,0,8,2,1,1
0,23,6,1131.35,6788.1,2,0,3,1,3,1,0
1,34,3,959.44,2878.32,0,1,3,10,7,1,1
0,45,1,1832.04,1832.04,1,0,3,4,4,1,1
1,69,42,1355.17,56917.14,2,0,3,2,3,0,0
0,64,14,2084.21,29178.94,2,0,3,1,8,0,0
1,57,44,1611.14,70890.16,2,1,0,3,3,0,0
1,36,22,1648.1,36258.2,0,0,0,9,3,1,1
1,56,16,1180.87,18893.92,1,1,0,5,8,0,0
1,44,16,2865.55,45848.8,2,0,3,3,9,0,0
1,18,50,2862.65,143132.5,0,0,3,8,8,1,1
0,57,60,2330.14,139808.4,1,2,2,0,5,0,0
1,34,32,1019.36,32619.52,2,0,3,9,2,1,1
1,63,12,2390.1,28681.2,0,0,2,5,10,0,0
0,45,6,1366.17,8197.02,1,2,1,4,8,0,0
1,18,29,1184.55,34351.95,2,1,2,10,2,1,1
0,49,60,510.92,30655.2,0,2,2,7,1,1,0
0,19,43,1680.96,72281.28,1,0,1,8,3,1,1
0,29,37,2006.19,74229.03,2,0,1,4,9,0,0
0,28,57,2621.21,149408.97,2,0,2,1,9,0,0
0,40,70,2887.99,202159.3,1,1,1,10,1,1,1
0,56,47,842.3,39588.1,0,0,1,9,8,0,0
1,46,28,2970.94,83186.32,0,2,3,5,10,0,0
1,69,13,1939.34,25211.42,2,1,2,2,3,0,1
0,45,31,2110.98,65440.38,2,2,0,9,8,1,1
0,39,40,1410.79,56431.6,0,1,1,5,5,0,0
1,56,44,485.71,21371.24,1,2,1,0,6,0,0
1,44,1,1232.59,1232.59,2,2,2,9,6,1,1
1,35,7,2744.4,19210.8,2,2,2,4,5,1,1
0,39,38,1434.76,54520.88,1,0,1,6,9,0,0
1,46,9,2150.22,19351.98,1,0,3,7,4,1,1
1,57,33,753.13,24853.29,1,2,2,3,6,0,0
0,43,36,1605.68,57804.48,0,2,0,7,5,0,1
1,22,38,1521.33,57810.54,0,2,0,3,6,0,0
0,42,36,1220.72,43945.92,1,0,3,4,10,0,0
0,36,70,1590.04,111302.8,0,1,3,6,7,0,0
1,32,43,1902.35,81801.05,1,1,0,4,1,0,1
1,34,64,2829.18,181067.52,2,1,2,2,9,0,0
1,25,6,863.8,5182.8,2,2,1,7,8,1,0
1,19,33,458.55,15132.15,0,0,1,1,5,0,0
1,46,34,1214.09,41279.06,1,0,2,1,2,0,0
0,58,10,1961.18,19611.8,2,2,0,10,4,1,1
1,68,28,2790.51,78134.28,2,2,3,0,7,0,0
1,37,40,2417.72,96708.8,2,0,1,8,9,1,1
0,59,15,867.08,13006.2,2,1,0,6,3,1,1
1,68,9,1942.44,17481.96,0,1,3,0,7,0,0
0,64,72,756.79,54488.88,0,1,2,0,1,0,0
0,31,18,1180.36,21246.48,1,0,2,4,2,0,1
0,26,1,2955.45,2955.45,0,1,0,7,8,1,1
1,47,13,2164.2,28134.6,2,0,0,5,4,1,1
0,43,69,1614.93,111430.17,1,2,2,1,10,0,0
0,54,37,686.22,25390.14,2,0,2,2,6,0,0
0,66,10,2150.3,21503.0,0,2,2,5,7,1,1
0,56,35,1244.39,43553.65,2,2,3,2,8,0,0
1,47,50,408.6,20430.0,1,0,1,7,5,0,0
1,46,7,2947.07,20629.49,0,0,1,10,5,1,1
1,56,40,1075.53,43021.2,1,1,0,1,3,0,0
1,45,23,2733.15,62862.45,2,0,1,10,6,1,1
0,69,20,718.26,14365.2,1,0,2,8,6,0,0
1,41,59,1409.98,83188.82,2,0,3,1,10,0,0
0,54,57,1276.96,72786.72,2,0,2,10,10,0,0
0,52,6,1098.04,6588.24,0,1,2,5,8,0,0
1,42,44,2418.14,106398.16,1,1,3,7,1,1,1
0,42,24,2845.96,68303.04,0,1,3,1,5,0,1
0,56,54,1420.03,76681.62,1,1,0,1,6,0,0
0,60,51,731.29,37295.79,2,2,1,9,9,0,0
0,53,69,1225.65,84569.85,2,1,2,10,7,0,0
1,40,48,2944.75,141348.0,0,2,1,0,9,0,0
1,24,40,2933.58,117343.2,1,0,3,6,6,1,1
0,28,49,1666.7,81668.3,1,0,3,7,2,1,1
1,40,31,471.33,14611.23,0,2,2,1,9,0,0
0,53,27,2878.46,77718.42,1,0,3,8,9,1,1
0,53,63,2309.18,145478.34,0,0,3,3,3,1,1
0,43,16,312.28,4996.48,0,2,1,6,5,0,0
1,55,56,2736.24,153229.44,1,0,2,9,8,1,1
1,55,48,1549.76,74388.48,1,0,1,1,1,0,0
1,32,60,1015.52,60931.2,2,1,0,7,1,1,1
1,56,7,714.45,5001.15,1,2,2,5,7,0,0
0,37,16,2020.56,32328.96,1,2,2,1,5,0,0
0,47,58,1345.29,78026.82,2,2,0,1,9,0,0
1,33,4,822.2,3288.8,1,2,3,4,2,1,1
0,24,6,2264.59,13587.54,2,2,0,10,8,1,1
1,18,66,2710.11,178867.26,0,0,2,5,9,0,0
0,68,64,747.49,47839.36,0,0,3,8,4,1,0
1,60,14,2579.28,36109.92,2,1,1,0,3,1,1
0,45,72,1908.77,137431.44,0,2,2,6,7,0,0
0,21,5,1335.78,6678.9,0,1,2,2,9,0,0
1,69,33,1490.92,49200.36,2,2,3,8,3,1,1
0,47,17,1418.0,24106.0,2,0,1,5,5,0,1
1,66,14,1531.42,21439.88,0,2,2,5,1,0,1
0,59,1,2775.37,2775.37,1,0,0,4,8,1,1
1,66,34,2909.68,98929.12,0,1,0,9,8,1,1
1,69,23,673.67,15494.41,2,0,3,1,1,0,0
0,63,15,1229.16,18437.4,0,0,1,4,6,0,0
0,27,42,320.9,13477.8,1,0,1,4,1,0,0
0,54,11,2929.43,32223.73,2,0,3,0,5,1,1
1,19,41,2120.83,86954.03,2,1,0,4,5,0,0
1,48,15,684.04,10260.6,0,1,3,1,7,0,0
1,48,35,538.07,18832.45,1,0,2,6,4,1,0
0,34,70,479.44,33560.8,0,1,2,2,5,0,0
1,24,7,1354.1,9478.7,0,0,1,2,2,1,1
1,48,33,2399.92,79197.36,0,0,0,10,1,1,1
1,31,6,600.42,3602.52,2,1,2,6,5,1,0
0,47,60,574.49,34469.4,1,2,2,5,1,0,0
0,28,49,2135.5,104639.5,2,0,0,0,1,1,0
0,48,50,1449.02,72451.0,1,2,0,10,3,1,1
0,65,39,2733.2,106594.8,0,1,0,6,6,1,1
0,57,40,1385.22,55408.8,0,2,3,10,6,0,1
0,26,57,473.53,26991.21,1,0,2,2,3,0,0
1,57,26,727.27,18909.02,1,1,3,8,1,1,1
0,40,26,1185.42,30820.92,2,0,2,7,1,1,1
1,28,5,1624.8,8124.0,2,0,3,2,3,1,1
1,37,12,2669.13,32029.56,2,0,3,8,8,1,1
0,18,67,1825.34,122297.78,1,1,0,3,9,0,0
1,41,63,841.16,52993.08,1,2,1,9,4,1,0
1,42,1,1265.32,1265.32,2,0,3,1,8,0,0
0,44,55,2543.11,139871.05,1,0,1,3,2,1,1
1,57,17,1334.02,22678.34,0,0,2,4,9,0,0
0,42,8,749.26,5994.08,2,2,1,4,5,0,0
0,34,49,1115.57,54662.93,1,1,3,6,1,1,1
1,42,43,2097.12,90176.16,2,1,1,1,3,1,0
0,21,29,746.06,21635.74,0,1,2,0,1,0,0
1,40,45,2157.68,97095.6,2,1,3,2,6,0,0
0,42,46,2714.55,124869.3,2,0,3,6,7,1,1
0,59,44,2835.68,124769.92,1,2,1,5,6,0,1
1,27,17,1405.6,23895.2,0,0,0,5,6,0,0
0,31,7,1884.69,13192.83,1,1,3,5,6,0,1
0,38,10,1784.44,17844.4,2,1,3,8,10,1,0
1,58,48,2355.6,113068.8,1,1,2,10,2,1,1
1,32,47,1413.98,66457.06,1,2,1,6,6,0,0
0,46,71,2262.89,160665.19,1,1,3,6,1,1,1
1,46,41,589.23,24158.43,0,1,3,10,9,0,0
0,50,10,1071.79,10717.9,0,2,3,7,6,1,1
1,58,41,1682.14,68967.74,0,0,2,0,2,0,0
0,20,51,619.74,31606.74,0,0,0,1,7,0,0
0,27,33,1017.98,33593.34,2,1,3,8,5,0,1
1,58,33,2666.78,88003.74,1,0,3,6,10,1,0
1,65,55,1370.12,75356.6,1,0,0,4,2,0,0
1,36,57,314.1,17903.7,2,1,3,8,5,0,0
0,59,52,2847.67,148078.84,0,1,0,4,3,1,1
1,19,12,709.2,8510.4,0,1,2,0,4,0,0
1,18,39,2726.31,106326.09,1,2,0,5,10,0,0
0,64,26,1151.8,29946.8,2,1,2,6,7,0,0
0,40,2,332.1,664.2,1,2,1,6,7,1,0
0,19,2,2356.45,4712.9,1,0,0,3,6,1,1
1,28,43,2830.05,121692.15,2,0,3,4,3,1,1
1,34,38,1751.27,66548.26,2,1,3,1,5,0,0
0,64,38,2253.71,85640.98,0,2,1,0,3,1,0
0,37,16,1439.07,23025.12,0,2,0,2,2,0,1
1,20,72,2739.56,197248.32,0,0,3,2,9,0,0
0,38,65,708.46,46049.9,2,0,2,4,9,0,0
0,52,39,1607.93,62709.27,0,0,0,9,3,1,1
1,45,28,1600.22,44806.16,0,0,3,2,4,0,0
1,69,32,1670.46,53454.72,1,0,2,4,3,0,1
1,27,72,1114.57,80249.04,2,0,0,3,9,0,0
1,21,64,2034.12,130183.68,0,0,2,7,4,1,1
0,29,44,1915.58,84285.52,0,2,2,2,6,0,0
0,46,27,2897.79,78240.33,1,1,0,3,8,0,0
1,59,66,2124.24,140199.84,2,2,2,5,10,0,0
0,38,50,1805.44,90272.0,2,1,0,0,2,0,0
0,47,55,897.31,49352.05,2,1,3,1,8,0,0
0,70,18,1353.15,24356.7,1,1,0,7,6,0,1
1,35,38,2851.27,108348.26,1,0,0,6,4,1,1
0,41,14,2034.38,28481.32,2,2,2,1,10,0,0
0,38,57,2855.59,162768.63,0,2,2,4,8,0,0
1,33,29,1447.86,41987.94,1,1,3,9,10,0,0
0,64,25,2195.45,54886.25,2,1,3,8,1,1,1
0,51,1,1041.39,1041.39,2,2,3,7,1,1,1
1,52,57,2361.06,134580.42,0,2,3,3,5,0,0
1,32,69,2575.66,177720.54,2,2,0,0,2,1,0
0,64,22,2299.72,50593.84,2,1,3,6,10,1,0
0,63,6,2664.0,15984.0,2,2,1,6,2,1,1
1,36,60,2013.37,120802.2,2,0,1,3,5,0,0
1,26,60,833.89,50033.4,1,1,0,0,4,0,0
1,30,26,688.64,17904.64,0,2,3,9,10,0,0
0,26,50,360.76,18038.0,1,2,3,0,5,0,0
0,34,68,876.39,59594.52,1,0,2,10,7,0,0
1,18,37,569.63,21076.31,1,2,2,8,6,0,0
0,38,49,651.29,31913.21,1,2,2,2,10,0,0
0,37,11,2535.65,27892.15,2,1,1,10,10,1,1
1,68,5,1362.91,6814.55,0,0,3,0,10,0,0
1,46,24,2862.13,68691.12,1,1,3,10,8,1,1
1,67,71,1633.91,116007.61,2,0,3,9,5,0,1
1,62,69,1109.9,76583.1,0,1,0,4,5,0,0
0,20,29,852.84,24732.36,1,1,3,9,1,1,1
0,18,5,779.57,3897.85,0,1,0,10,7,1,1
1,19,17,2844.97,48364.49,2,2,1,4,5,0,1
0,62,57,2506.34,142861.38,0,1,0,7,4,1,1
1,20,29,504.28,14624.12,0,1,0,2,5,0,0
1,27,13,2219.24,28850.12,2,0,1,0,6,0,0
0,67,41,2163.33,88696.53,1,0,1,8,6,1,1
0,47,14,884.49,12382.86,1,2,2,9,6,0,1
0,39,50,579.8,28990.0,0,1,3,9,4,1,0
1,30,62,2649.92,164295.04,1,1,2,7,6,1,1
1,46,10,1289.73,12897.3,1,1,2,6,4,1,1
1,57,68,2448.55,166501.4,0,0,1,10,4,1,1
0,52,15,1152.65,17289.75,1,0,1,5,7,0,0
0,63,38,1364.32,51844.16,0,2,1,6,2,1,1
1,60,64,856.58,54821.12,0,1,3,5,2,0,0
1,65,32,2524.72,80791.04,1,1,3,4,8,0,0
1,62,26,1894.36,49253.36,2,2,0,3,2,0,1
1,67,64,928.05,59395.2,2,0,3,1,7,0,0
0,27,15,1626.98,24404.7,0,0,0,6,6,0,1
1,32,49,1462.47,71661.03,1,0,3,7,7,0,0
0,67,41,2212.08,90695.28,0,0,1,1,3,1,0
1,69,6,1040.2,6241.2,0,2,3,5,10,0,0
1,48,29,2624.55,76111.95,1,2,0,9,4,1,1
1,50,59,1594.59,94080.81,1,1,0,1,4,0,0
0,66,58,2762.73,160238.34,2,1,1,6,3,1,1
0,28,4,402.91,1611.64,0,1,2,2,9,0,0
0,57,57,558.73,31847.61,2,1,1,6,4,1,0
0,65,69,1133.0,78177.0,0,0,2,2,1,0,0
1,23,14,2585.72,36200.08,0,1,0,7,10,1,1
0,58,48,1438.77,69060.96,2,2,0,3,2,0,0
0,28,72,2142.76,154278.72,0,2,3,4,5,0,0
1,30,61,1862.8,113630.8,1,2,2,1,10,0,0
1,43,64,2854.02,182657.28,1,2,0,2,3,1,1
1,43,22,2466.71,54267.62,1,0,3,5,4,1,1
0,21,57,2976.7,169671.9,1,2,2,7,8,1,1
1,25,6,1012.07,6072.42,2,1,0,1,1,1,1
1,58,16,432.1,6913.6,1,2,2,3,1,0,0
0,58,48,2191.12,105173.76,2,0,0,1,6,0,0
1,20,59,1276.38,75306.42,0,2,0,0,5,0,0
0,57,28,513.51,14378.28,2,0,1,10,5,0,1
0,67,16,646.29,10340.64,2,2,3,6,1,1,1
0,28,42,2658.49,111656.58,0,0,2,3,9,0,0
0,56,21,903.92,18982.32,0,1,0,5,8,0,0
1,46,54,792.06,42771.24,1,1,2,6,10,0,0
1,24,10,1068.39,10683.9,1,0,3,0,4,1,0
0,59,23,1592.01,36616.23,1,2,0,3,10,0,0
1,26,56,1166.53,65325.68,0,1,2,5,1,0,1
0,52,10,1540.06,15400.6,2,2,1,10,9,1,1
0,57,69,358.86,24761.34,1,0,1,7,1,1,0
1,56,58,1257.69,72946.02,0,1,0,10,8,0,0
0,70,26,2415.53,62803.78,1,0,2,8,7,1,1
0,25,33,1413.16,46634.28,2,0,2,9,2,1,1
1,31,9,2249.44,20244.96,2,1,2,3,7,1,0
0,20,34,2564.71,87200.14,2,0,3,6,6,1,1
0,33,62,1862.75,115490.5,1,1,1,5,1,0,1
0,40,48,382.81,18374.88,2,0,2,4,9,0,0
0,69,31,836.35,25926.85,2,1,0,5,1,0,1
1,24,1,2472.16,2472.16,2,2,0,7,6,1,1
1,65,13,2570.01,33410.13,1,1,1,4,2,1,1
1,60,63,2663.9,167825.7,0,0,1,10,9,1,1
1,54,42,1616.52,67893.84,2,2,1,1,3,0,0
0,47,20,1740.25,34805.0,0,1,0,7,4,1,1
1,32,13,1373.89,17860.57,0,1,1,10,5,0,1
1,34,5,1395.87,6979.35,0,0,1,10,2,1,1
1,41,64,2641.24,169039.36,1,2,3,1,3,1,1
1,29,24,720.96,17303.04,0,1,0,2,8,0,0
1,51,66,2174.71,143530.86,0,2,1,8,2,1,1
0,43,54,1137.78,61440.12,1,2,3,0,4,0,0
1,59,48,1428.73,68579.04,2,2,3,5,5,0,0
0,44,70,389.19,27243.3,2,2,1,4,6,0,0
0,36,57,1864.44,106273.08,1,0,2,4,9,0,0
0,18,41,1347.55,55249.55,0,2,0,7,5,0,0
1,24,38,604.18,22958.84,1,1,0,5,7,0,0
0,57,55,1522.43,83733.65,2,0,1,1,8,0,0
1,66,38,1202.33,45688.54,2,2,1,2,9,0,0
1,24,34,2816.27,95753.18,0,0,2,0,2,1,1
0,33,63,2738.31,172513.53,0,2,1,4,10,0,0
0,66,34,1320.52,44897.68,1,0,2,2,9,0,0
0,46,32,2266.03,72512.96,1,0,3,5,6,0,1
0,29,48,1148.46,55126.08,1,2,0,1,7,0,0
0,35,34,1328.46,45167.64,2,0,3,5,1,0,1
1,48,63,1234.21,77755.23,2,1,0,8,3,1,1
0,62,32,2240.65,71700.8,2,2,0,7,10,1,0
0,31,39,2233.5,87106.5,0,0,2,9,2,1,1
0,48,22,1769.05,38919.1,2,2,0,3,7,0,0
1,52,26,2427.57,63116.82,1,0,1,2,7,0,0
0,48,15,1848.44,27726.6,2,0,3,8,6,0,1
1,49,14,1180.24,16523.36,1,1,1,8,9,0,0
1,59,34,586.44,19938.96,1,2,2,9,8,0,0
1,30,40,1818.79,72751.6,1,1,1,7,8,0,0
0,44,65,2325.65,151167.25,1,1,1,2,1,1,1
0,46,47,1795.39,84383.33,2,1,2,5,5,0,0
1,66,68,2863.85,194741.8,1,1,3,6,1,1,1
0,46,14,1998.03,27972.42,2,1,0,6,5,0,1
0,65,14,2418.52,33859.28,2,1,0,10,3,1,1
0,44,64,1107.01,70848.64,2,2,1,5,7,0,0
0,41,10,1529.56,15295.6,1,1,3,5,5,0,1
1,40,44,2913.37,128188.28,1,1,2,3,9,0,0
1,35,26,1571.33,40854.58,0,2,2,7,1,1,1
0,20,40,904.0,36160.0,1,2,2,4,2,0,0
1,53,17,2823.56,48000.52,0,1,0,2,5,0,1
1,59,13,1558.98,20266.74,2,2,3,9,1,1,1
0,35,6,789.46,4736.76,1,2,3,10,6,1,1
0,36,11,2411.96,26531.56,1,1,3,3,6,1,1
1,23,7,1026.14,7182.98,1,1,1,10,5,1,1
1,45,9,1646.47,14818.23,2,2,3,6,2,1,1
1,61,13,1634.0,21242.0,2,1,0,10,9,0,1
1,38,3,2712.44,8137.32,1,1,0,7,7,1,1
1,35,44,436.87,19222.28,0,2,1,2,10,0,0
1,68,62,1013.09,62811.58,1,1,1,8,2,1,1
1,25,7,652.12,4564.84,1,0,3,8,8,1,0
1,42,66,2296.41,151563.06,0,1,3,10,6,1,1
1,61,45,2688.15,120966.75,1,0,1,0,7,0,0
1,52,60,997.27,59836.2,0,0,1,2,7,0,0
1,59,1,2496.85,2496.85,2,1,3,4,1,1,1
1,48,46,2821.94,129809.24,2,0,2,5,2,1,1
1,43,38,876.72,33315.36,1,2,1,3,9,0,0
0,28,12,2649.98,31799.76,2,1,0,1,8,0,0
0,66,32,752.67,24085.44,2,2,1,6,2,1,0
1,31,63,1842.73,116091.99,0,0,1,6,6,0,0
1,41,20,670.08,13401.6,0,2,2,2,2,0,0
0,37,7,1958.34,13708.38,2,0,1,9,10,1,1
1,51,48,955.36,45857.28,1,0,2,10,4,1,1
0,61,43,1019.53,43839.79,1,1,0,1,4,0,0
1,24,36,1545.82,55649.52,1,0,0,7,2,1,1
1,49,12,1941.39,23296.68,0,0,0,4,1,0,1
0,20,32,2291.16,73317.12,2,2,3,7,8,1,1
0,25,41,343.81,14096.21,2,1,2,10,4,1,0
0,26,35,2175.16,76130.6,2,2,3,7,4,1,1
1,22,57,1594.87,90907.59,1,1,1,4,1,0,1
0,63,67,1148.85,76972.95,1,2,0,10,8,0,0
1,26,24,712.23,17093.52,1,2,2,2,3,0,0
0,36,66,2849.78,188085.48,1,2,1,7,6,1,1
1,59,54,1706.36,92143.44,1,2,0,8,3,1,1
0,36,22,413.42,9095.24,0,2,1,4,3,0,0
0,39,39,2018.48,78720.72,0,2,0,8,2,1,1
1,65,57,459.2,26174.4,0,1,3,1,1,0,0
1,20,61,1022.3,62360.3,1,0,0,8,8,0,0
0,68,45,1852.42,83358.9,2,2,0,8,10,0,0
1,35,26,2490.5,64753.0,1,1,1,6,2,1,1
1,44,33,2429.22,80164.26,0,0,2,9,6,1,1
0,19,46,898.31,41322.26,2,2,3,8,10,0,0
0,52,69,1778.54,122719.26,1,0,0,9,6,0,1
0,56,20,929.13,18582.6,0,1,1,9,5,0,1
0,49,28,2610.45,73092.6,2,2,3,4,9,0,0
0,32,61,562.86,34334.46,1,2,2,9,5,0,0
1,56,27,1379.14,37236.78,0,1,0,10,9,0,0
0,41,2,2248.18,4496.36,2,1,3,3,10,1,0
0,68,54,775.61,41882.94,0,2,3,7,1,1,1
0,37,18,2946.13,53030.34,2,1,2,2,1,1,1
1,23,53,1286.26,68171.78,1,0,1,4,6,0,0
0,41,30,407.94,12238.2,2,2,1,5,5,0,0
0,58,27,2197.19,59324.13,2,1,1,10,10,1,1
0,25,31,2296.79,71200.49,0,2,0,1,7,0,0
0,42,25,2711.43,67785.75,2,0,0,0,2,1,1
1,24,35,1537.9,53826.5,2,1,2,7,3,1,1
0,31,55,353.79,19458.45,0,0,0,2,3,0,0
0,53,43,1859.42,79955.06,0,0,3,2,4,0,0
1,38,9,1736.13,15625.17,2,2,1,8,1,1,1
0,25,68,2995.6,203700.8,2,1,3,4,9,0,0
0,37,36,2546.84,91686.24,2,2,3,10,1,1,1
0,53,60,1661.03,99661.8,0,0,0,3,10,0,0
0,48,45,973.47,43806.15,2,1,0,10,9,0,0
1,70,28,461.42,12919.76,2,0,3,6,3,1,0
1,38,37,1050.73,38877.01,0,1,1,9,7,0,0
1,20,27,1823.69,49239.63,1,1,1,9,3,1,1
1,21,72,2607.35,187729.2,1,0,1,10,4,1,1
0,45,43,712.94,30656.42,2,0,0,8,2,1,1
1,65,32,2985.49,95535.68,0,0,1,2,10,0,0
1,46,63,1633.13,102887.19,2,0,1,10,2,1,1
1,43,49,2291.95,112305.55,1,0,2,1,3,1,0
0,46,43,1494.82,64277.26,0,2,3,1,10,0,0
1,28,36,1261.09,45399.24,0,0,1,1,10,0,0
0,30,34,942.14,32032.76,0,0,2,6,4,1,0
1,38,18,1872.55,33705.9,2,1,0,8,3,1,1
0,62,10,2945.43,29454.3,2,2,0,6,1,1,1
1,54,19,630.88,11986.72,2,2,1,8,2,1,1
0,63,21,2227.36,46774.56,1,0,0,10,8,1,1
0,68,24,873.3,20959.2,1,1,0,8,3,1,1
0,69,47,539.5,25356.5,1,2,1,3,8,0,0
1,49,37,2513.53,93000.61,1,0,2,0,1,1,1
1,42,67,2764.04,185190.68,0,0,2,4,6,0,1
0,30,2,358.12,716.24,0,1,2,6,3,1,1
1,32,45,2809.81,126441.45,1,1,2,10,1,1,1
0,36,27,1331.17,35941.59,2,0,2,7,5,0,1
1,58,36,1721.16,61961.76,2,2,0,3,3,0,0
0,46,56,313.75,17570.0,1,2,0,10,3,1,0
0,63,60,725.28,43516.8,1,2,2,3,1,0,0
0,25,30,2100.07,63002.1,2,0,0,8,10,1,0
1,28,44,1738.82,76508.08,1,1,3,4,8,0,0
0,44,72,1531.27,110251.44,2,0,1,6,4,1,0
1,19,47,1768.57,83122.79,1,1,3,5,10,0,0
0,65,34,704.14,23940.76,0,0,2,3,10,0,0
1,28,21,2264.42,47552.82,1,0,0,3,8,0,0
0,69,71,687.76,48830.96,0,1,1,5,2,0,0
1,70,70,757.68,53037.6,1,0,2,8,6,0,0
0,45,4,2796.52,11186.08,0,1,3,9,2,1,1
0,27,20,1175.73,23514.6,0,1,3,4,5,0,0
0,35,13,1628.21,21166.73,0,1,0,4,7,0,0
0,52,67,1143.74,76630.58,0,1,0,0,1,0,0
1,26,12,2447.41,29368.92,1,0,3,0,7,0,0
1,57,39,703.01,27417.39,2,0,1,1,9,0,0
0,64,52,349.44,18170.88,0,2,2,6,10,0,0
1,57,62,2703.26,167602.12,2,1,1,3,9,0,0
0,59,15,2736.12,41041.8,1,2,0,3,6,0,1
0,60,5,1816.09,9080.45,1,0,3,1,10,0,0
0,29,56,2773.21,155299.76,2,0,1,6,5,1,1
1,70,68,2984.63,202954.84,1,1,1,9,2,1,1
0,21,17,1544.78,26261.26,0,1,3,5,10,0,0
0,34,8,1997.63,15981.04,1,1,0,4,8,0,0
0,34,14,1423.62,19930.68,2,1,1,5,4,0,1
1,41,54,1708.54,92261.16,1,2,0,0,8,0,0
1,65,4,716.39,2865.56,1,0,1,8,2,1,1
1,24,45,1795.08,80778.6,2,2,3,10,4,1,1
1,18,41,1219.51,49999.91,0,0,2,0,6,0,0
1,67,20,1983.14,39662.8,2,2,2,5,5,0,1
0,49,60,1366.99,82019.4,0,0,3,6,2,1,1
0,41,9,2523.1,22707.9,2,0,2,1,4,1,1
0,41,44,1800.0,79200.0,1,2,3,2,5,0,0
0,21,21,1925.14,40427.94,0,0,2,4,9,0,0
1,39,9,2314.45,20830.05,1,2,0,1,6,1,0
1,31,9,1026.38,9237.42,1,1,1,10,5,1,1
1,64,30,903.02,27090.6,2,1,2,9,3,1,1
1,67,39,2068.21,80660.19,1,1,1,10,6,1,1
1,38,52,2797.37,145463.24,2,0,0,10,4,1,1
0,39,47,2577.37,121136.39,1,2,2,6,3,1,1
0,22,36,2713.46,97684.56,2,1,3,5,10,0,0
1,50,23,1941.42,44652.66,0,1,2,2,9,0,0
0,28,54,1783.37,96301.98,0,0,3,5,9,0,0
0,25,22,2569.26,56523.72,2,0,3,0,9,0,0
0,43,55,573.16,31523.8,1,2,1,1,5,0,0
1,30,16,2835.9,45374.4,0,1,1,5,6,0,1
1,21,31,2541.79,78795.49,0,2,0,3,2,1,1
1,49,10,2341.13,23411.3,0,0,3,4,9,1,0
1,68,54,2354.86,127162.44,1,1,1,9,3,1,1
1,50,38,1251.49,47556.62,2,0,2,9,4,1,1
0,27,70,607.11,42497.7,1,0,3,4,7,0,0
1,26,2,837.05,1674.1,0,0,3,10,4,1,1
0,68,54,788.71,42590.34,0,0,2,5,4,0,0
0,36,46,2345.82,107907.72,0,2,3,8,4,1,1
1,61,42,371.94,15621.48,1,2,3,4,10,0,0
1,22,59,2152.63,127005.17,1,1,1,2,4,1,0
0,52,32,2982.05,95425.6,2,0,3,5,3,1,1
1,37,66,2191.8,144658.8,1,1,2,0,5,0,0
0,36,29,2398.4,69553.6,2,2,1,8,9,1,1
1,67,28,2847.02,79716.56,1,2,1,9,2,1,1
1,67,58,2942.75,170679.5,0,1,2,4,2,1,1
1,21,70,540.75,37852.5,2,0,3,5,6,0,0
1,52,14,2105.43,29476.02,0,2,3,7,8,1,1
1,66,22,1266.15,27855.3,1,1,0,8,8,0,0
1,30,39,627.63,24477.57,0,0,1,6,3,1,0
1,42,3,2200.76,6602.28,1,1,3,3,8,1,0
1,44,59,2505.28,147811.52,2,0,1,8,5,1,1
0,33,33,1448.28,47793.24,0,1,2,6,2,1,1
0,70,38,2639.34,100294.92,2,1,1,4,6,0,1
1,64,5,1419.7,7098.5,0,0,3,6,5,1,1
0,30,44,308.95,13593.8,0,0,3,3,1,0,0
0,41,65,2703.84,175749.6,0,1,0,8,10,1,0
1,34,64,378.05,24195.2,2,2,1,1,7,0,0
1,51,9,1701.82,15316.38,1,0,2,6,8,1,0
1,58,28,1252.84,35079.52,2,1,2,0,8,0,0
1,64,55,1558.77,85732.35,1,0,2,7,3,1,1
0,29,64,1917.88,122744.32,2,1,2,7,6,0,0
0,34,46,832.81,38309.26,1,2,0,10,4,1,1
1,33,34,408.07,13874.38,1,2,0,5,2,0,0
0,67,29,1994.12,57829.48,0,2,0,8,2,1,1
0,23,25,1589.16,39729.0,2,2,0,5,1,0,1
0,39,44,2957.22,130117.68,2,0,1,2,10,0,0
1,36,56,1735.25,97174.0,1,1,2,6,8,0,0
1,25,10,904.0,9040.0,2,2,0,5,2,1,1
0,27,4,1173.73,4694.92,2,2,2,5,7,0,0
1,20,23,602.11,13848.53,1,0,1,8,7,0,0
0,20,67,397.97,26663.99,0,0,3,5,8,0,0
0,49,29,2001.07,58031.03,0,1,0,1,10,0,0
0,38,52,2406.4,125132.8,0,2,1,0,7,0,0
1,22,26,2143.69,55735.94,0,0,1,8,10,1,1
1,49,69,1661.71,114657.99,0,2,0,9,7,0,0
1,56,1,941.98,941.98,2,1,2,8,10,1,0
1,47,67,2405.47,161166.49,0,2,3,8,5,1,1
1,26,14,351.6,4922.4,0,2,3,0,10,0,0
0,58,51,2790.37,142308.87,2,0,2,5,3,1,1
0,60,49,318.29,15596.21,0,1,3,1,6,0,0
0,66,17,1732.13,29446.21,2,2,2,9,6,0,1
0,64,59,1335.96,78821.64,2,0,2,4,6,0,0
0,68,3,497.22,1491.66,2,0,0,2,3,1,0
0,56,66,2176.16,143626.56,0,0,2,9,2,1,1
0,50,33,627.22,20698.26,1,2,0,6,2,1,0
1,69,32,1631.11,52195.52,1,1,0,4,6,0,0
1,56,67,2715.17,181916.39,0,1,1,0,4,1,0
0,62,26,2310.85,60082.1,1,1,0,4,8,0,0
0,20,65,1968.42,127947.3,2,0,0,5,8,0,0
1,35,17,1627.82,27672.94,1,0,0,3,10,0,0
0,43,31,361.89,11218.59,1,2,2,3,9,0,0
0,32,23,1800.19,41404.37,0,2,1,2,3,0,1
1,30,38,2402.78,91305.64,2,0,2,3,2,1,1
0,47,70,2855.94,199915.8,1,2,2,0,3,1,0
1,44,44,2043.98,89935.12,1,0,2,3,1,1,1
0,40,40,2695.68,107827.2,1,0,1,2,6,0,0
1,59,65,892.68,58024.2,1,0,1,4,6,0,0
1,18,30,1011.63,30348.9,1,1,1,2,6,0,0
1,43,13,1444.02,18772.26,0,0,1,10,1,1,1
1,24,67,1791.67,120041.89,2,1,2,0,3,0,0
0,64,11,1836.52,20201.72,0,2,3,10,10,1,1
1,31,69,1279.43,88280.67,0,0,3,10,1,1,1
0,22,5,1979.58,9897.9,2,1,1,5,1,1,1
0,39,65,385.79,25076.35,1,0,3,3,1,0,0
1,64,52,1862.21,96834.92,2,2,0,10,3,1,1
0,66,48,1068.32,51279.36,0,0,0,6,4,1,0
0,27,64,1570.29,100498.56,2,1,0,9,6,0,0
0,55,58,2607.36,151226.88,0,1,2,2,7,0,0
1,25,54,1877.09,101362.86,0,1,3,2,4,0,0
1,51,44,2351.68,103473.92,1,2,0,5,1,1,1
0,48,17,2136.02,36312.34,0,1,0,0,8,0,0
1,54,66,1019.58,67292.28,2,0,2,7,4,1,0
0,29,69,1755.51,121130.19,0,0,3,4,10,0,0
1,65,21,939.8,19735.8,1,2,1,2,6,0,0
0,59,36,2421.5,87174.0,0,1,1,0,7,0,0
0,67,1,1420.52,1420.52,1,1,3,7,10,1,0
0,51,43,1066.75,45870.25,1,0,3,7,9,0,0
0,28,17,1651.49,28075.33,0,1,2,3,5,0,0
1,61,48,2002.48,96119.04,1,2,3,2,1,1,1
0,41,4,2467.03,9868.12,2,2,1,7,1,1,1
1,69,16,1490.2,23843.2,1,0,3,7,1,1,1
0,42,1,1932.43,1932.43,0,2,3,3,2,1,1
1,56,17,1548.54,26325.18,0,2,0,10,2,1,1
0,20,56,453.34,25387.04,1,0,2,2,6,0,0
0,69,16,1870.01,29920.16,0,0,1,2,10,0,0
0,25,34,1455.73,49494.82,2,1,1,3,2,0,0
0,29,15,1511.85,22677.75,0,2,0,8,8,0,1
1,62,32,456.83,14618.56,0,2,1,8,10,0,0
1,32,23,1052.33,24203.59,0,1,0,5,10,0,0
1,42,60,548.15,32889.0,0,2,3,6,3,1,0
1,62,48,1406.3,67502.4,2,1,1,3,6,0,0
1,61,72,633.76,45630.72,0,0,3,1,1,0,0
0,30,29,1193.14,34601.06,0,0,3,6,1,1,1
0,62,17,593.9,10096.3,1,1,0,7,4,1,1
0,22,36,2572.19,92598.84,0,0,2,4,5,0,1
1,40,18,842.38,15162.84,2,0,0,1,10,0,0
1,50,17,2569.37,43679.29,0,2,0,1,8,0,0
0,48,56,306.31,17153.36,1,0,1,5,1,0,0
0,67,16,2416.46,38663.36,0,0,3,0,9,0,0
1,70,8,2574.47,20595.76,0,0,1,5,6,1,1
1,18,9,304.43,2739.87,1,2,0,9,7,1,0
0,55,25,1442.7,36067.5,2,1,1,1,6,0,0
1,68,28,2159.87,60476.36,2,1,3,7,6,1,1
0,43,11,2026.58,22292.38,2,1,3,8,3,1,1
0,45,62,2945.83,182641.46,1,1,1,6,1,1,1
0,24,48,330.47,15862.56,2,0,3,7,3,1,0
0,60,12,672.04,8064.48,1,0,2,6,8,0,0
1,26,47,838.12,39391.64,0,0,3,4,10,0,0
0,55,60,2417.13,145027.8,0,0,2,7,2,1,1
0,28,35,2171.75,76011.25,0,1,1,2,10,0,0
0,44,13,482.38,6270.94,2,0,3,8,7,0,0
0,58,5,2842.31,14211.55,2,2,3,4,6,1,1
0,23,46,1097.97,50506.62,0,2,2,10,9,0,0
1,62,29,342.11,9921.19,1,0,1,0,7,0,0
0,23,35,1878.37,65742.95,2,1,3,6,1,1,1
0,43,34,977.97,33250.98,2,0,0,9,10,0,0
1,28,51,2466.26,125779.26,0,2,0,8,4,1,1
0,42,15,2763.15,41447.25,1,1,1,5,6,0,1
1,51,10,1038.09,10380.9,1,1,3,8,4,1,1
0,42,23,1247.1,28683.3,2,0,3,1,10,0,0
0,18,55,926.28,50945.4,0,1,2,1,3,0,0
0,26,25,689.63,17240.75,0,1,1,2,8,0,0
0,23,41,1154.12,47318.92,0,0,1,0,9,0,0
1,24,16,2078.49,33255.84,2,1,0,0,8,0,0
1,27,62,1602.75,99370.5,2,2,1,0,4,0,0
1,64,4,2135.82,8543.28,0,2,0,2,9,1,0
1,68,12,1578.81,18945.72,1,2,3,4,10,0,0
0,40,5,1377.17,6885.85,0,1,1,0,3,1,0
1,45,46,895.01,41170.46,2,0,1,3,10,0,0
1,37,22,2376.7,52287.4,1,0,0,2,2,1,1
1,34,14,977.45,13684.3,1,2,2,4,7,0,0
1,21,16,404.98,6479.68,0,0,0,1,10,0,0
1,40,31,2903.45,90006.95,0,1,0,0,8,0,0
0,34,27,2677.12,72282.24,1,0,1,7,3,1,1
0,49,59,1395.92,82359.28,0,0,3,5,4,0,0
1,63,15,421.51,6322.65,2,0,0,2,4,0,0
1,55,30,2345.51,70365.3,1,2,1,5,9,0,0
0,48,64,2406.02,153985.28,0,0,0,6,2,1,1
0,22,5,2821.95,14109.75,2,1,1,3,1,1,1
1,63,13,1927.35,25055.55,2,0,2,6,5,0,1
0,30,4,372.73,1490.92,0,1,0,2,7,0,0
1,65,32,2162.19,69190.08,1,0,1,6,4,1,1
0,27,57,2829.72,161294.04,1,2,2,6,2,1,1
1,37,57,2137.21,121820.97,1,1,1,5,7,0,0
0,33,36,1860.26,66969.36,1,1,1,4,6,0,0
0,41,56,1771.92,99227.52,2,1,2,3,3,0,0
0,63,50,1288.7,64435.0,2,1,0,3,10,0,0
0,45,21,2270.67,47684.07,1,1,0,7,8,1,1
1,48,7,2888.91,20222.37,2,0,3,9,5,1,1
1,50,10,728.28,7282.8,2,1,3,10,3,1,1
0,48,34,2721.85,92542.9,2,0,1,7,4,1,1
1,42,51,1151.86,58744.86,0,1,0,7,8,0,0
1,60,56,876.36,49076.16,0,2,2,3,10,0,0
1,33,17,2054.95,34934.15,0,2,0,4,10,0,0
1,58,30,2479.09,74372.7,2,0,1,3,4,1,1
0,42,23,2231.88,51333.24,1,1,0,9,4,1,1
1,34,46,2100.63,96628.98,2,0,1,6,1,1,1
0,47,7,2761.59,19331.13,2,0,0,5,4,1,1
1,57,21,1208.14,25370.94,1,1,0,4,7,0,0
1,25,65,2649.43,172212.95,0,1,1,10,10,1,1
1,27,57,1454.37,82899.09,1,1,2,6,8,0,0
0,54,53,2816.36,149267.08,0,0,3,8,9,1,1
1,30,8,335.17,2681.36,1,1,3,9,3,1,1
0,41,63,394.47,24851.61,0,1,0,6,2,1,0
0,49,72,576.55,41511.6,0,1,0,6,1,1,0
0,70,21,2532.25,53177.25,2,1,3,9,6,1,1
1,70,56,989.54,55414.24,1,0,0,8,10,0,0
0,32,57,2864.53,163278.21,2,1,1,4,6,0,1
1,69,43,2197.05,94473.15,1,2,1,5,10,0,0
1,54,63,1642.25,103461.75,1,2,2,7,6,0,0
0,44,9,2137.36,19236.24,2,1,0,7,7,1,1
1,69,1,2172.07,2172.07,0,1,2,2,5,1,1
0,23,22,354.37,7796.14,1,1,2,8,3,1,1
1,64,62,362.96,22503.52,2,2,0,9,1,1,0
1,51,61,510.82,31160.02,2,2,1,7,10,0,0
1,63,17,2602.81,44247.77,2,2,2,7,9,1,1
1,68,39,1748.09,68175.51,0,1,2,9,8,0,1
0,70,71,1997.11,141794.81,2,2,2,10,8,0,0
0,20,5,1061.48,5307.4,2,2,3,7,7,1,0
0,18,72,728.39,52444.08,0,2,0,10,10,0,0
0,25,59,2035.57,120098.63,2,2,3,2,3,1,0
1,55,60,2131.25,127875.0,0,2,2,6,3,1,1
0,45,41,1330.64,54556.24,2,1,3,7,9,0,0
1,21,3,1355.96,4067.88,1,2,0,10,5,1,1
1,47,47,2919.13,137199.11,2,0,2,9,2,1,1
1,26,6,1778.82,10672.92,2,2,2,10,2,1,1
0,31,17,602.05,10234.85,1,2,1,1,10,0,0
1,24,11,860.06,9460.66,0,2,0,7,1,1,1
1,66,49,1765.35,86502.15,1,1,2,2,1,0,1
0,26,65,1314.13,85418.45,2,2,0,1,9,0,0
1,45,16,1314.05,21024.8,2,1,1,5,1,0,1
1,54,66,1380.51,91113.66,1,1,1,1,5,0,0
0,42,39,321.89,12553.71,2,0,1,8,3,1,0
1,19,6,1701.96,10211.76,0,1,1,2,2,1,1
1,59,67,2906.62,194743.54,2,2,2,7,8,1,1
1,39,65,902.72,58676.8,2,1,0,8,5,0,0
0,52,40,1661.27,66450.8,1,0,2,10,6,0,1
1,65,8,1122.27,8978.16,2,2,1,0,3,1,0
1,48,56,2071.61,116010.16,2,2,2,1,3,1,0
1,32,25,2081.88,52047.0,0,1,1,4,6,0,0
1,70,49,1934.96,94813.04,1,0,0,0,3,0,0
1,28,19,1962.39,37285.41,1,0,2,6,8,0,1
0,23,59,1574.26,92881.34,1,2,1,7,3,1,1
0,18,17,1416.67,24083.39,2,0,1,10,2,1,1
0,62,26,950.33,24708.58,2,1,3,7,3,1,1
1,28,31,2378.45,73731.95,0,1,0,5,3,1,1
0,21,50,2338.77,116938.5,2,1,0,3,4,1,1
1,54,9,1873.95,16865.55,2,1,2,3,2,1,1
1,49,34,1905.93,64801.62,1,2,1,9,3,1,1
1,67,65,1488.37,96744.05,1,2,2,1,4,0,0
1,26,19,1540.83,29275.77,2,2,1,4,7,0,0
0,67,70,2153.22,150725.4,2,0,0,8,9,1,0
1,42,9,517.67,4659.03,1,0,0,6,1,1,1
1,58,16,1206.38,19302.08,0,1,1,1,4,0,0
1,27,36,2867.03,103213.08,0,1,0,9,5,1,1
0,58,46,2023.61,93086.06,2,2,0,5,6,0,0
0,38,37,828.99,30672.63,2,2,3,8,9,0,0
1,61,72,1331.44,95863.68,1,0,3,5,9,0,0
0,56,66,1313.29,86677.14,0,0,2,3,10,0,0
1,35,16,2218.82,35501.12,2,1,1,9,5,1,1
0,25,17,2325.31,39530.27,2,2,0,4,7,0,0
1,64,40,1385.02,55400.8,2,2,0,1,10,0,0
1,39,17,626.34,10647.78,1,0,3,6,7,0,0
0,18,27,2659.06,71794.62,0,1,2,9,6,1,1
0,37,29,573.55,16632.95,1,0,2,2,5,0,0
1,29,58,2776.65,161045.7,1,2,1,4,6,0,1
0,58,8,1937.54,15500.32,0,0,2,2,2,1,1
0,67,60,870.63,52237.8,1,0,2,9,7,0,0
0,63,41,1053.5,43193.5,1,1,2,4,10,0,0
1,26,54,2913.02,157303.08,2,1,0,8,8,1,1
1,45,30,1461.14,43834.2,0,2,1,6,5,0,0
1,65,1,631.11,631.11,2,0,2,5,1,1,1
1,58,21,1577.75,33132.75,0,0,3,3,4,0,0
1,36,32,827.91,26493.12,1,2,2,9,2,1,1
0,70,39,2845.89,110989.71,0,2,1,8,9,1,1
0,66,22,1334.71,29363.62,0,1,3,1,4,0,0
0,35,2,1013.85,2027.7,2,2,2,3,4,1,0
0,57,51,2279.07,116232.57,1,2,1,3,8,0,0
0,54,13,310.37,4034.81,0,0,3,1,10,0,0
0,30,46,1337.3,61515.8,0,2,0,0,2,0,0
1,48,62,2501.77,155109.74,0,2,3,10,1,1,1
0,27,15,345.52,5182.8,1,1,0,9,3,1,1
1,24,43,1773.48,76259.64,2,1,0,9,2,1,1
0,60,43,1157.77,49784.11,0,1,2,9,2,1,1
0,53,30,2413.34,72400.2,1,0,0,0,5,0,0
0,56,26,1480.56,38494.56,0,0,2,4,1,0,1
0,30,22,1438.5,31647.0,0,0,2,4,3,0,1
0,68,63,2532.22,159529.86,1,0,2,6,7,1,1
0,70,27,1550.59,41865.93,2,2,0,4,7,0,0
0,24,22,2826.29,62178.38,0,0,3,7,4,1,1
0,51,51,1660.09,84664.59,1,1,3,10,8,0,1
0,42,63,1472.42,92762.46,2,1,0,9,4,1,1
1,52,49,1090.79,53448.71,1,2,3,4,5,0,0
0,20,37,2878.51,106504.87,1,0,2,5,8,0,1
1,18,13,563.96,7331.48,1,0,0,1,2,0,0
0,44,38,310.49,11798.62,1,0,0,7,6,0,0
1,49,35,2160.27,75609.45,2,2,3,4,6,0,0
1,42,45,2247.27,101127.15,1,1,3,0,9,0,0
0,29,57,2477.23,141202.11,2,2,0,9,3,1,1
1,46,54,767.98,41470.92,0,1,3,8,9,0,0
0,53,39,351.02,13689.78,0,1,1,6,2,1,0
1,43,9,464.44,4179.96,0,1,1,3,3,1,0
0,55,44,2266.1,99708.4,2,0,2,9,5,1,1
1,65,58,1693.86,98243.88,1,2,2,6,2,1,1
0,25,31,2864.05,88785.55,2,1,1,2,9,0,0
1,49,5,850.89,4254.45,1,0,3,4,4,1,1
1,45,64,1931.41,123610.24,0,2,0,0,1,0,0
1,67,69,2273.42,156865.98,0,2,0,10,9,1,1
0,52,69,665.3,45905.7,0,2,2,6,2,1,0
1,22,9,2818.84,25369.56,1,2,1,10,3,1,1
0,32,70,1030.41,72128.7,2,0,3,9,1,1,1
1,36,55,759.86,41792.3,0,0,1,6,2,1,0
0,65,22,2818.56,62008.32,1,2,3,7,2,1,1
0,21,44,2619.3,115249.2,1,0,3,8,10,1,1
0,62,31,2876.22,89162.82,0,0,2,2,10,0,0
0,49,39,2719.93,106077.27,1,2,3,6,6,1,1
0,69,9,2309.08,20781.72,1,1,2,0,6,1,0
1,40,70,1376.54,96357.8,0,1,0,3,4,0,0
1,30,71,1448.41,102837.11,2,2,0,3,4,0,0
1,67,49,543.39,26626.11,2,0,3,9,5,0,0
1,43,28,1860.93,52106.04,1,2,3,6,3,1,1
0,49,5,2982.29,14911.45,0,2,2,1,4,1,1
1,40,29,2759.76,80033.04,0,1,3,10,2,1,1
1,53,52,2703.92,140603.84,1,0,0,3,6,0,0
1,46,61,1674.48,102143.28,0,0,1,8,2,1,1
0,60,60,1234.02,74041.2,1,1,1,6,6,0,0
1,68,2,1633.12,3266.24,1,2,2,6,2,1,1
1,50,47,1752.38,82361.86,1,0,3,7,6,0,1
1,46,33,1606.77,53023.41,0,2,3,10,2,1,1
0,49,51,2820.11,143825.61,1,1,2,9,7,1,1
1,38,40,706.58,28263.2,2,2,3,0,7,0,0
0,19,72,1551.18,111684.96,2,2,2,1,10,0,0
0,20,34,840.84,28588.56,0,0,0,3,7,0,0
0,36,38,740.81,28150.78,2,2,1,0,10,0,0
0,64,14,2297.18,32160.52,2,0,2,1,7,0,0
0,37,16,1652.31,26436.96,2,1,2,10,4,1,1
1,34,45,2572.12,115745.4,1,1,1,2,4,1,1
0,38,43,1145.11,49239.73,2,1,0,2,1,0,0
0,50,24,883.24,21197.76,2,0,2,3,1,0,1
1,64,19,1014.23,19270.37,2,2,1,7,3,1,1
1,33,29,666.3,19322.7,1,2,3,10,8,0,0
1,44,11,2491.69,27408.59,1,2,2,6,8,1,1
0,18,3,915.92,2747.76,0,1,3,2,4,1,0
1,22,26,859.53,22347.78,1,0,3,9,5,0,1
1,31,25,1289.62,32240.5,2,0,1,1,5,0,0
0,38,46,373.09,17162.14,2,2,1,8,10,0,0
1,31,16,1357.11,21713.76,0,0,3,2,9,0,0
1,51,4,932.97,3731.88,0,2,1,1,3,1,0
1,62,30,1701.2,51036.0,2,0,2,2,8,0,0
1,55,53,2169.5,114983.5,1,1,2,8,5,1,1
1,53,32,970.37,31051.84,2,0,0,7,2,1,1
0,65,56,1352.55,75742.8,2,1,2,3,8,0,0
0,58,58,2841.98,164834.84,0,2,1,1,8,0,0
1,37,1,1724.42,1724.42,1,0,3,5,5,0,1
0,35,57,1853.53,105651.21,0,1,3,3,7,0,0
1,46,69,2015.16,139046.04,2,0,0,8,6,1,1
0,40,38,616.15,23413.7,0,0,2,2,3,0,0
1,54,2,1395.82,2791.64,2,2,0,1,6,0,0
0,22,54,2672.02,144289.08,1,2,3,6,10,1,0
0,70,44,2164.81,95251.64,1,1,3,7,2,1,1
0,38,23,1756.62,40402.26,1,1,2,0,10,0,0
1,59,32,1696.29,54281.28,0,0,3,8,8,0,1
0,43,40,2668.02,106720.8,2,1,0,0,1,1,1
0,42,45,944.24,42490.8,1,0,3,1,8,0,0
0,46,46,1401.13,64451.98,1,2,2,4,7,0,0
1,34,68,912.05,62019.4,0,2,0,4,10,0,0
1,25,43,2599.1,111761.3,2,1,1,7,8,1,1
1,54,72,1665.84,119940.48,0,0,2,5,5,0,0
1,47,7,2115.65,14809.55,2,1,3,1,7,1,0
0,64,2,2609.06,5218.12,0,2,2,7,3,1,1
0,40,49,2469.03,120982.47,0,2,2,5,7,0,0
1,46,60,2583.9,155034.0,1,2,1,7,7,1,1
0,45,7,2185.24,15296.68,0,2,0,8,2,1,1
1,37,48,1820.26,87372.48,0,0,3,3,2,0,1
1,45,49,1670.65,81861.85,0,2,2,2,6,0,0
0,55,63,2273.21,143212.23,0,1,3,0,7,0,0
1,68,16,2885.06,46160.96,1,1,3,2,7,0,0
1,49,35,2911.38,101898.3,0,1,3,5,3,1,1
1,42,53,2569.79,136198.87,1,0,3,3,9,0,0
1,57,49,1219.16,59738.84,0,2,2,0,10,0,0
1,51,52,1508.04,78418.08,1,0,1,5,5,0,0
0,31,27,348.57,9411.39,0,0,1,8,7,0,0
0,49,47,2165.73,101789.31,0,0,1,8,6,1,1
1,43,39,1468.46,57269.94,2,0,1,3,2,0,0
0,45,32,1828.21,58502.72,0,0,2,6,1,1,1
0,68,36,1499.97,53998.92,1,0,3,5,4,0,1
0,53,41,1655.5,67875.5,1,1,0,5,5,0,0
1,34,19,585.05,11115.95,2,2,3,3,3,0,0
0,20,51,2317.27,118180.77,1,2,2,10,3,1,1
1,34,64,668.9,42809.6,1,0,2,3,1,0,0
1,58,19,1536.42,29191.98,1,0,1,6,10,0,0
1,69,54,1059.48,57211.92,1,2,3,10,5,0,0
0,34,29,1542.71,44738.59,0,0,0,0,2,0,0
0,50,58,648.84,37632.72,1,0,2,4,4,0,0
1,28,43,875.1,37629.3,0,1,1,7,7,0,0
1,61,40,1742.2,69688.0,1,2,0,0,8,0,0
0,24,22,2715.64,59744.08,0,2,3,0,9,0,0
1,41,5,2005.89,10029.45,1,1,1,7,6,1,1
0,42,38,2007.5,76285.0,1,1,1,9,6,1,1
0,30,7,336.75,2357.25,1,1,2,3,10,0,0
1,67,15,1155.51,17332.65,1,2,2,9,3,1,1
0,25,61,1391.65,84890.65,1,1,0,7,9,0,0
0,51,61,425.13,25932.93,1,2,3,7,3,1,0
1,19,51,2909.68,148393.68,1,1,3,9,9,1,1
1,57,58,1467.54,85117.32,1,0,0,1,2,0,0
0,70,27,1809.18,48847.86,1,1,0,9,1,1,1
1,23,39,425.44,16592.16,2,0,1,7,3,1,0
0,31,17,1929.22,32796.74,0,2,0,1,8,0,0
1,45,70,2700.85,189059.5,0,0,0,8,3,1,1
1,28,23,1165.59,26808.57,2,1,1,4,7,0,0
1,33,60,2322.7,139362.0,0,2,3,5,5,0,1
0,45,52,916.43,47654.36,2,1,2,6,7,0,0
1,53,58,1756.65,101885.7,1,1,2,5,2,0,1
0,69,41,896.46,36754.86,0,0,1,3,9,0,0
0,50,2,2738.28,5476.56,2,2,2,3,4,1,1
0,52,68,1815.48,123452.64,2,2,0,8,3,1,1
1,18,11,860.3,9463.3,0,2,1,8,10,1,0
1,69,57,1775.76,101218.32,2,0,2,0,8,0,0
1,30,69,1705.24,117661.56,2,1,3,9,2,1,1
1,52,2,2532.1,5064.2,2,1,1,9,3,1,1
1,63,7,2755.14,19285.98,1,0,3,1,4,1,1
0,67,11,1622.32,17845.52,1,1,2,2,8,0,0
1,60,26,978.15,25431.9,1,1,1,8,5,0,1
0,38,58,2003.5,116203.0,2,1,0,2,7,0,0
0,38,8,2816.47,22531.76,0,2,0,7,3,1,1
1,40,70,2370.61,165942.7,1,1,0,9,1,1,1
1,26,55,2834.95,155922.25,0,1,2,8,10,1,1
0,41,1,632.67,632.67,0,2,1,4,9,0,0
0,27,43,2499.0,107457.0,0,0,2,1,7,0,0
0,70,5,1755.12,8775.6,0,0,0,10,9,1,1
1,51,44,2347.12,103273.28,0,2,1,10,4,1,1
1,40,6,2231.12,13386.72,1,1,3,9,10,1,1
0,70,44,1521.26,66935.44,2,1,3,1,1,0,0
1,49,1,1602.43,1602.43,1,1,3,4,9,0,0
0,54,45,2495.68,112305.6,0,1,0,9,5,1,1
0,19,8,1883.25,15066.0,1,1,3,4,6,0,1
0,55,58,2127.39,123388.62,2,0,2,9,5,1,1
1,42,47,2657.27,124891.69,0,1,2,7,8,1,1
1,21,31,619.46,19203.26,2,2,2,10,8,0,0
1,43,12,1347.96,16175.52,0,1,0,1,4,0,0
1,67,42,1023.16,42972.72,0,2,0,4,8,0,0
1,46,45,915.41,41193.45,2,1,0,10,5,0,1
0,27,19,1055.09,20046.71,1,1,2,4,3,0,1
1,54,68,2443.44,166153.92,1,2,3,6,1,1,1
0,22,39,1894.42,73882.38,2,0,3,9,10,0,0
0,69,12,2668.35,32020.2,1,1,3,10,7,1,1
0,23,10,1042.2,10422.0,2,1,2,6,4,1,1
1,67,50,2448.42,122421.0,1,0,0,1,4,1,0
1,64,26,647.79,16842.54,2,1,2,1,5,0,0
1,58,68,2921.9,198689.2,0,1,2,5,4,1,1
0,61,2,2048.3,4096.6,0,0,2,6,5,1,1
1,29,6,781.66,4689.96,0,1,3,7,5,1,1
0,50,12,2378.35,28540.2,2,1,0,7,5,1,1
1,33,13,1257.87,16352.31,1,1,3,4,9,0,0
1,32,65,402.88,26187.2,1,1,2,5,3,0,0
0,36,37,2561.98,94793.26,1,0,1,4,2,1,1
1,63,3,1687.8,5063.4,2,2,1,10,7,1,1
0,19,69,964.91,66578.79,1,0,2,7,5,0,0
0,35,8,2580.23,20641.84,0,2,3,3,6,1,1
1,19,50,641.98,32099.0,2,1,1,7,7,0,0
1,22,12,2858.0,34296.0,1,1,3,3,7,0,1
1,58,1,2638.2,2638.2,0,2,0,1,9,1,0
0,64,53,623.55,33048.15,1,0,3,0,10,0,0
0,52,48,2240.97,107566.56,2,1,3,9,4,1,1
1,29,18,353.88,6369.84,2,1,1,2,5,0,0
1,69,63,1956.0,123228.0,0,2,2,7,1,1,1
1,34,54,2495.12,134736.48,2,2,2,0,1,1,1
1,53,63,2423.34,152670.42,1,2,1,7,4,1,1
1,64,7,2341.84,16392.88,1,0,1,6,1,1,1
1,54,39,1301.42,50755.38,2,0,1,6,5,0,0
0,67,33,2392.58,78955.14,2,0,1,10,9,1,1
0,69,19,2426.95,46112.05,0,1,2,9,6,1,1
1,50,58,765.2,44381.6,0,0,0,9,4,1,0
1,48,51,902.07,46005.57,2,0,2,10,6,0,0
1,41,9,2594.64,23351.76,1,1,2,5,7,1,1
1,31,14,517.13,7239.82,2,1,2,10,3,1,1
1,25,47,2391.34,112392.98,2,1,3,3,3,1,1
0,62,64,1175.03,75201.92,2,0,3,4,1,0,0
1,60,52,518.49,26961.48,2,1,2,9,7,0,0
0,34,43,766.84,32974.12,1,2,3,0,4,0,0
1,50,6,1156.05,6936.3,2,2,3,10,2,1,1
0,39,43,587.9,25279.7,0,2,0,0,1,0,0
1,60,20,1039.19,20783.8,2,0,2,1,4,0,0
0,67,19,2191.15,41631.85,2,1,2,6,8,1,1
0,34,64,339.45,21724.8,0,1,0,7,2,1,0
1,33,59,1368.9,80765.1,2,2,1,10,9,0,0
0,37,42,1002.82,42118.44,1,2,1,3,2,0,0
1,61,38,1031.06,39180.28,0,0,1,1,8,0,0
1,44,15,2188.16,32822.4,2,1,1,8,10,1,1
1,26,62,2097.61,130051.82,0,0,3,9,7,1,1
1,45,56,2300.95,128853.2,0,0,0,3,2,1,1
1,32,35,2151.66,75308.1,1,2,1,10,2,1,1
0,58,71,2002.49,142176.79,2,2,2,5,9,0,0
0,61,8,2018.28,16146.24,2,1,3,8,4,1,1
0,51,12,1041.2,12494.4,0,1,3,10,5,0,1
0,20,66,648.93,42829.38,2,2,3,2,8,0,0
1,65,67,2121.21,142121.07,2,2,0,10,5,1,1
0,63,66,2923.7,192964.2,1,1,3,0,5,0,0
0,54,48,1699.68,81584.64,2,0,2,0,4,0,0
1,53,12,1252.4,15028.8,2,2,0,9,9,0,0
1,50,2,1127.66,2255.32,1,1,0,7,7,1,1
1,30,70,2236.06,156524.2,2,1,1,9,5,1,1
1,50,58,1990.04,115422.32,1,1,3,5,3,0,1
0,59,13,599.6,7794.8,1,2,0,7,7,0,0
1,66,63,2201.21,138676.23,1,1,3,10,9,1,1
0,60,61,1478.31,90176.91,2,0,0,4,6,0,0
0,62,7,1377.13,9639.91,2,1,0,10,10,1,1
0,20,15,2441.85,36627.75,0,0,1,1,10,0,0
1,60,63,2572.66,162077.58,1,0,1,9,8,1,1
1,56,3,1948.08,5844.24,0,2,1,0,6,0,0
0,28,36,2847.91,102524.76,2,1,3,6,8,1,1
1,53,47,2491.47,117099.09,1,1,1,1,3,1,1
1,49,49,1859.24,91102.76,1,1,0,9,1,1,1
1,46,53,678.09,35938.77,2,1,1,9,2,1,1
1,53,22,1441.95,31722.9,1,1,1,3,10,0,0
0,59,10,1519.45,15194.5,2,0,0,7,3,1,1
1,51,20,2448.42,48968.4,1,1,2,10,6,1,1
1,46,5,372.93,1864.65,0,1,2,5,4,1,0
1,68,15,1376.14,20642.1,0,1,3,10,5,0,1
0,60,7,2438.86,17072.02,2,1,2,9,5,1,1
1,23,34,2120.05,72081.7,2,1,3,5,6,0,1
1,45,56,1704.56,95455.36,0,0,0,2,8,0,0
1,37,7,2027.06,14189.42,0,2,1,9,2,1,1
1,47,23,782.17,17989.91,2,2,2,5,8,0,0
1,58,19,1974.15,37508.85,0,0,1,4,8,0,0
1,24,15,1880.6,28209.0,1,0,0,0,3,0,0
1,49,40,2915.25,116610.0,0,1,1,9,5,1,1
1,31,55,2198.03,120891.65,1,2,2,2,4,1,0
0,52,10,334.01,3340.1,0,2,1,2,7,0,0
0,63,39,2779.69,108407.91,1,0,3,4,7,0,1
1,49,43,1645.8,70769.4,0,0,0,7,5,0,1
0,43,49,1249.55,61227.95,2,2,3,10,3,1,1
1,59,25,1405.58,35139.5,0,1,1,6,3,1,1
1,53,55,2611.15,143613.25,0,1,3,9,3,1,1
0,20,32,572.28,18312.96,1,0,2,3,6,0,0
0,66,37,637.04,23570.48,0,0,0,6,4,1,0
1,36,24,1408.62,33806.88,2,0,1,8,4,1,1
1,33,51,1286.91,65632.41,1,2,1,6,7,0,0
0,25,48,609.33,29247.84,0,2,3,8,5,0,0
0,54,23,1942.86,44685.78,1,0,1,10,9,0,1
0,58,62,1382.16,85693.92,0,2,0,1,4,0,0
0,27,8,392.01,3136.08,0,0,2,8,6,1,1
0,19,4,924.57,3698.28,1,1,0,5,1,1,1
1,29,11,2929.7,32226.7,2,0,3,4,7,1,1
0,70,46,2234.04,102765.84,2,0,2,3,8,0,0
1,60,13,2188.93,28456.09,1,1,3,5,9,0,0
0,55,37,726.07,26864.59,2,0,2,4,9,0,0
1,53,61,1847.38,112690.18,1,1,0,6,10,0,0
0,22,18,2353.57,42364.26,1,1,0,6,8,1,1
1,48,21,2157.16,45300.36,0,1,0,2,3,1,1
0,63,2,855.67,1711.34,0,2,3,0,7,0,0
1,70,29,2009.25,58268.25,1,2,1,1,8,0,0
1,52,54,2973.07,160545.78,2,0,2,1,4,1,1
0,48,41,2937.42,120434.22,1,1,2,7,2,1,1
1,66,6,779.17,4675.02,2,0,1,9,8,1,0
0,63,39,1375.57,53647.23,2,1,2,5,5,0,0
1,40,69,2208.81,152407.89,0,0,0,1,7,0,0
0,55,24,1902.06,45649.44,2,2,0,7,3,1,1
0,24,1,2377.64,2377.64,2,2,3,9,2,1,1
1,50,41,1624.66,66611.06,1,2,1,1,2,0,0
0,25,13,338.95,4406.35,1,0,2,3,5,0,0
1,45,2,1187.49,2374.98,0,0,2,8,6,1,1
0,53,14,1283.19,17964.66,0,1,2,3,3,0,1
0,62,43,515.18,22152.74,2,1,0,0,3,0,0
1,56,44,1333.78,58686.32,1,1,1,5,8,0,0
0,18,51,1941.6,99021.6,0,2,2,1,5,0,0
1,33,69,2430.49,167703.81,0,2,0,8,9,1,0
0,30,7,690.67,4834.69,0,1,0,10,2,1,1
0,69,25,1365.37,34134.25,0,2,3,10,10,0,0
1,62,2,2145.33,4290.66,1,0,0,6,9,1,1
1,62,46,2519.28,115886.88,1,0,1,2,7,0,0
1,42,22,773.82,17024.04,1,1,0,10,2,1,1
0,35,2,2760.56,5521.12,1,2,0,0,10,1,0
0,59,46,1382.88,63612.48,2,0,2,9,1,1,1
1,57,68,1802.76,122587.68,1,1,2,3,10,0,0
0,21,44,2765.45,121679.8,0,2,1,1,9,0,0
0,54,50,1914.02,95701.0,1,1,2,6,4,1,1
0,58,55,879.16,48353.8,0,1,2,5,3,0,0
0,64,28,2107.27,59003.56,0,2,2,5,10,0,0
1,31,60,1962.64,117758.4,1,2,3,6,10,0,0
1,41,18,1850.01,33300.18,1,2,1,7,7,0,1
1,33,66,1922.05,126855.3,0,0,3,4,1,0,1
1,43,18,1262.46,22724.28,0,0,0,6,6,0,0
0,68,32,364.63,11668.16,2,1,1,5,3,0,0
1,35,60,300.31,18018.6,1,2,0,1,7,0,0
1,70,43,2640.57,113544.51,1,2,2,0,7,0,0
0,55,6,2883.17,17299.02,2,0,1,4,5,1,1
1,41,54,1624.66,87731.64,1,1,2,2,7,0,0
0,40,52,1377.26,71617.52,2,2,0,10,8,0,0
0,18,26,1665.59,43305.34,1,0,1,10,10,0,1
0,21,42,2792.61,117289.62,1,1,2,0,10,0,0
0,63,40,2665.41,106616.4,2,1,0,9,2,1,1
0,58,33,1643.9,54248.7,1,0,1,3,10,0,0
0,46,44,2643.77,116325.88,2,2,2,4,9,0,0
1,39,72,1010.57,72761.04,0,2,3,9,4,1,0
1,19,13,2351.28,30566.64,2,0,3,3,4,1,1
1,18,19,1794.08,34087.52,1,2,1,8,9,0,0
1,33,29,2070.16,60034.64,1,0,1,9,2,1,1
0,58,70,1158.54,81097.8,2,1,2,1,1,0,0
1,42,37,820.27,30349.99,0,0,3,7,8,0,0
0,58,56,2860.59,160193.04,2,1,0,4,10,0,0
1,61,47,840.96,39525.12,1,2,2,4,8,0,0
1,52,28,2776.56,77743.68,0,2,2,5,2,1,1
1,21,12,1011.54,12138.48,0,2,1,1,2,0,0
1,35,3,2581.04,7743.12,1,0,2,5,3,1,1
0,65,27,1070.27,28897.29,0,2,3,10,8,0,0
1,42,66,1104.76,72914.16,2,0,0,7,3,1,0
1,69,6,2138.35,12830.1,2,0,3,6,5,1,1
1,57,52,1313.35,68294.2,2,0,1,2,9,0,0
1,62,9,2671.01,24039.09,0,2,2,8,3,1,1
0,64,27,2429.05,65584.35,2,1,0,8,5,1,1
1,25,57,435.89,24845.73,1,0,3,5,7,0,0
1,39,61,2677.21,163309.81,0,1,2,2,8,0,0
1,46,40,2575.57,103022.8,2,0,2,4,1,1,1
1,24,16,1748.55,27976.8,1,0,1,4,6,0,0
1,65,8,1215.72,9725.76,2,0,0,9,2,1,1
1,54,54,2191.58,118345.32,1,0,0,6,3,1,1
1,51,20,2567.91,51358.2,2,1,0,1,5,0,0
0,66,4,1770.94,7083.76,0,0,2,5,6,0,1
1,64,9,2448.53,22036.77,0,2,2,5,6,1,1
1,37,36,1422.2,51199.2,1,1,0,8,7,0,0
1,54,65,2624.52,170593.8,2,2,2,10,1,1,1
1,18,35,1002.39,35083.65,2,1,2,0,5,0,0
1,26,51,798.18,40707.18,2,1,1,8,7,0,0
0,36,3,937.82,2813.46,0,2,1,0,1,1,0
0,33,68,509.02,34613.36,2,2,3,8,9,0,0
0,35,6,2024.22,12145.32,0,1,1,0,3,1,1
1,55,2,2737.18,5474.36,0,1,3,6,6,1,1
0,31,46,1433.59,65945.14,2,2,3,6,4,1,0
1,41,28,1000.75,28021.0,0,0,0,2,6,0,0
0,57,21,796.55,16727.55,2,2,2,8,5,0,1
0,28,42,1332.45,55962.9,1,1,2,4,8,0,0
1,62,13,2365.97,30757.61,1,0,2,9,1,1,1
1,45,50,1869.04,93452.0,1,1,2,2,7,0,0
1,66,60,1680.06,100803.6,1,1,0,10,4,1,1
0,49,20,2449.4,48988.0,2,1,1,3,10,0,0
0,20,53,2392.33,126793.49,0,1,1,9,6,1,1
0,47,63,655.92,41322.96,2,1,0,5,7,0,0
0,66,66,2660.02,175561.32,2,2,2,5,7,0,0
0,25,55,385.95,21227.25,2,2,0,10,5,0,0
0,69,45,2463.32,110849.4,0,0,2,1,3,1,1
1,53,69,2933.1,202383.9,2,1,0,8,4,1,1
1,69,56,823.45,46113.2,1,0,3,1,5,0,0
0,40,7,1000.63,7004.41,1,0,2,8,10,1,0
0,31,24,951.49,22835.76,2,1,2,1,9,0,0
1,33,28,2513.09,70366.52,1,0,0,9,5,1,1
0,56,47,2680.31,125974.57,2,2,1,3,4,1,1
1,19,70,538.67,37706.9,2,2,2,6,3,1,0
0,54,47,1474.33,69293.51,1,2,2,6,7,0,0
0,70,38,579.74,22030.12,2,1,0,8,8,0,0
1,36,28,2524.06,70673.68,2,0,1,9,10,1,1
0,28,62,2078.76,128883.12,1,1,0,7,8,1,0
1,49,9,959.94,8639.46,1,1,0,4,3,1,1
0,64,35,1677.72,58720.2,2,2,0,1,9,0,0
1,39,37,882.9,32667.3,0,0,1,4,2,0,0
1,56,52,901.0,46852.0,0,2,0,0,8,0,0
0,58,27,1434.81,38739.87,1,2,2,7,10,0,0
0,25,58,1560.02,90481.16,1,1,3,2,5,0,0
1,39,22,1063.54,23397.88,0,1,1,7,4,1,1
1,48,4,1894.77,7579.08,2,2,3,1,1,1,1
0,53,6,383.96,2303.76,1,2,1,1,1,1,0
0,44,63,691.02,43534.26,2,1,3,0,3,0,0
1,19,35,1039.45,36380.75,0,0,1,9,4,1,1
1,44,48,1581.17,75896.16,1,2,0,8,5,0,1
1,32,52,914.89,47574.28,0,2,0,0,5,0,0
0,69,69,2213.7,152745.3,0,1,2,9,8,1,1
0,37,60,1443.33,86599.8,1,2,1,3,3,0,0
0,51,22,961.28,21148.16,2,2,1,0,3,0,0
1,65,6,978.18,5869.08,2,2,3,9,5,1,1
0,27,31,1321.24,40958.44,2,2,0,3,8,0,0
0,30,1,1656.44,1656.44,2,1,0,2,4,1,1
1,63,19,1310.92,24907.48,1,2,3,2,8,0,0
1,52,67,366.77,24573.59,2,1,2,2,8,0,0
0,23,45,2885.98,129869.1,0,1,0,5,3,1,1
0,49,21,2832.19,59475.99,1,0,1,2,1,1,1
1,33,30,1720.27,51608.1,2,0,1,0,4,0,0
1,31,28,1539.44,43104.32,1,1,0,9,10,0,0
1,19,65,364.04,23662.6,1,1,3,2,4,0,0
0,61,51,1888.83,96330.33,1,0,2,2,2,0,0
1,20,66,1255.04,82832.64,1,0,0,1,1,0,0
1,64,36,2374.75,85491.0,1,1,1,8,10,1,0
0,41,35,721.58,25255.3,0,2,2,4,5,0,0
0,50,69,1555.97,107361.93,1,1,3,9,9,0,0
0,68,19,2224.5,42265.5,0,1,1,2,10,0,0
1,18,43,1173.7,50469.1,2,1,2,2,3,0,0
0,46,24,1480.43,35530.32,0,2,0,6,4,1,1
0,50,21,2706.32,56832.72,0,1,0,5,4,1,1
0,49,40,1005.53,40221.2,2,0,3,6,10,0,0
0,29,34,598.08,20334.72,2,0,1,8,4,1,0
0,59,5,1918.01,9590.05,1,0,1,2,3,1,1
0,54,2,1884.76,3769.52,0,2,2,1,7,0,0
0,36,21,2211.1,46433.1,2,2,0,0,8,0,0
1,70,29,2068.49,59986.21,0,2,2,9,9,1,1
1,37,41,1207.17,49493.97,1,2,2,1,6,0,0
1,31,24,974.5,23388.0,0,1,0,4,4,0,0
1,49,47,2787.82,131027.54,2,2,2,9,8,1,1
1,69,9,675.92,6083.28,1,0,1,9,10,1,0
0,37,24,573.53,13764.72,2,1,0,10,4,1,1
1,61,25,1509.22,37730.5,0,2,0,10,1,1,1
0,41,43,2716.89,116826.27,1,1,0,4,10,0,0
1,69,24,1570.97,37703.28,0,2,1,5,5,0,0
0,69,61,2428.25,148123.25,0,0,2,4,6,0,0
1,44,60,1499.14,89948.4,0,2,0,8,9,0,0
0,29,8,512.2,4097.6,2,2,0,5,9,0,0
1,28,31,483.82,14998.42,1,0,3,2,7,0,0
0,52,25,2303.1,57577.5,2,0,1,5,5,0,1
0,45,72,1026.64,73918.08,1,1,1,6,3,1,0
1,44,52,1045.37,54359.24,2,0,0,3,10,0,0
0,23,53,2714.46,143866.38,2,2,0,3,3,1,1
0,60,36,1909.79,68752.44,0,0,3,0,1,0,1
0,55,13,2652.78,34486.14,1,2,0,9,1,1,1
1,69,11,1216.7,13383.7,2,1,0,7,9,1,0
0,31,65,495.8,32227.0,2,0,0,7,10,0,0
1,20,31,2062.44,63935.64,1,2,3,9,3,1,1
0,70,63,1859.52,117149.76,1,0,2,3,6,0,0
1,19,59,1333.14,78655.26,1,0,1,10,9,0,0
0,30,70,949.75,66482.5,2,2,0,6,9,0,0
1,55,31,2268.99,70338.69,0,2,1,7,4,1,1
1,57,5,1709.17,8545.85,2,1,2,2,8,0,0
1,22,18,2686.15,48350.7,2,1,3,9,9,1,1
1,70,48,2368.8,113702.4,0,0,0,1,3,1,0
1,70,17,2935.91,49910.47,0,0,1,5,1,1,1
1,35,16,2360.91,37774.56,0,0,2,3,9,0,0
1,39,41,1807.27,74098.07,1,0,3,8,7,0,1
1,31,50,2902.0,145100.0,2,2,0,9,2,1,1
1,66,52,2227.81,115846.12,0,2,0,4,7,0,0
0,63,12,2737.99,32855.88,0,2,0,0,8,0,0
0,30,62,2563.11,158912.82,2,0,0,10,7,1,1
0,41,51,699.63,35681.13,1,2,1,10,3,1,1
0,31,54,1582.03,85429.62,1,2,1,3,4,0,0
1,31,51,2931.47,149504.97,1,1,2,4,7,0,1
0,36,67,2677.87,179417.29,0,0,0,1,6,0,0
0,36,30,993.4,29802.0,2,2,0,3,7,0,0
1,51,54,1320.95,71331.3,2,1,1,6,4,1,0
1,69,53,2041.31,108189.43,0,2,2,8,10,1,0
1,46,52,1013.34,52693.68,2,2,0,7,1,1,1
1,70,66,1929.71,127360.86,2,1,3,5,2,0,1
0,33,58,2812.31,163113.98,0,2,0,3,3,1,1
0,66,31,2269.24,70346.44,2,0,3,10,3,1,1
1,51,65,2411.45,156744.25,2,2,1,6,3,1,1
1,30,71,838.41,59527.11,1,2,1,3,9,0,0
0,42,4,1909.82,7639.28,0,0,3,8,2,1,1
0,54,16,331.76,5308.16,0,2,3,4,8,0,0
0,54,32,1122.57,35922.24,0,0,2,8,6,0,0
0,46,16,942.14,15074.24,1,2,2,3,9,0,0
1,34,66,2764.74,182472.84,0,2,3,7,3,1,1
1,65,30,1076.59,32297.7,0,0,0,0,5,0,0
0,21,22,2820.26,62045.72,0,1,1,1,9,0,0
1,55,42,864.86,36324.12,1,0,0,0,3,0,0
1,50,2,2573.06,5146.12,2,0,3,2,2,1,1
0,59,10,1560.37,15603.7,1,1,3,4,2,1,1
1,32,67,993.5,66564.5,1,2,3,7,1,1,0
1,67,56,1060.09,59365.04,1,2,2,10,10,0,0
0,38,55,2894.33,159188.15,0,1,3,6,3,1,1
0,19,25,2623.13,65578.25,0,1,0,6,5,1,1
1,31,33,489.63,16157.79,0,1,0,9,4,1,1
0,45,19,2354.52,44735.88,0,2,0,3,5,0,1
1,60,48,2952.92,141740.16,2,1,0,0,8,0,0
0,50,34,2063.36,70154.24,0,0,1,6,6,1,1
0,50,22,2843.81,62563.82,1,2,1,10,7,1,1
0,34,39,1146.84,44726.76,1,0,2,10,2,1,1
1,68,3,2496.43,7489.29,2,1,1,8,1,1,1
1,50,9,2996.51,26968.59,2,0,2,2,8,1,0
0,62,43,2078.2,89362.6,2,2,1,6,5,1,1
1,59,9,546.64,4919.76,0,2,0,6,7,1,0
1,66,20,1949.48,38989.6,1,1,1,3,1,0,1
0,65,43,2807.85,120737.55,2,0,0,4,5,0,1
1,19,13,2983.89,38790.57,2,2,3,6,4,1,1
1,31,56,429.74,24065.44,2,1,3,6,5,0,0
0,68,50,1240.95,62047.5,1,0,2,3,4,0,0
0,56,66,713.7,47104.2,0,1,2,6,3,1,0
0,18,64,2657.78,170097.92,0,2,1,0,1,1,1
0,52,68,2816.59,191528.12,0,1,3,8,3,1,1
0,41,12,455.17,5462.04,0,1,3,4,8,0,0
0,36,49,1191.39,58378.11,2,1,3,0,5,0,0
1,51,59,878.19,51813.21,1,2,0,2,9,0,0
1,24,46,2893.36,133094.56,2,2,1,8,7,1,1
0,40,44,2263.1,99576.4,1,0,3,5,1,1,1
0,20,27,429.36,11592.72,0,0,0,10,7,0,0
1,28,70,2888.41,202188.7,2,2,2,10,8,1,1
0,18,46,1762.89,81092.94,1,2,0,3,1,0,1
0,39,17,1230.03,20910.51,2,2,2,3,6,0,0
0,65,68,1702.99,115803.32,0,0,3,4,1,0,1
0,59,68,2738.17,186195.56,1,0,1,9,8,1,1
1,47,26,668.01,17368.26,0,2,1,1,9,0,0
1,51,68,1413.48,96116.64,1,1,2,6,3,1,0
0,57,2,1190.16,2380.32,0,2,2,0,7,0,0
1,48,34,1932.1,65691.4,0,1,2,7,3,1,1
1,21,56,1731.47,96962.32,2,0,2,3,2,0,0
1,59,9,2998.1,26982.9,2,2,0,7,3,1,1
1,37,34,1034.15,35161.1,0,1,0,9,10,0,0
1,57,43,1322.88,56883.84,1,2,2,2,6,0,0
1,29,22,1713.71,37701.62,2,0,3,1,10,0,0
0,34,38,1844.85,70104.3,2,0,0,4,9,0,0
1,50,43,739.37,31792.91,1,2,2,3,4,0,0
1,69,67,479.22,32107.74,1,1,1,2,7,0,0
0,66,11,1817.23,19989.53,1,0,3,3,9,0,0
1,24,1,1002.39,1002.39,0,2,3,5,6,0,0
1,60,7,1675.88,11731.16,0,2,2,1,2,1,1
1,35,3,815.76,2447.28,1,1,0,4,1,1,1
1,61,71,324.89,23067.19,2,2,1,3,6,0,0
0,51,33,1401.38,46245.54,2,2,2,2,10,0,0
0,62,49,1722.8,84417.2,2,2,3,5,3,0,1
1,36,71,1248.38,88634.98,2,0,0,6,7,0,0
0,61,58,1198.9,69536.2,0,0,1,0,7,0,0
1,24,37,1797.49,66507.13,2,0,0,3,3,0,1
0,18,31,2460.41,76272.71,1,1,3,6,3,1,1
0,29,18,2060.34,37086.12,1,0,3,10,9,1,1
1,52,63,2812.59,177193.17,0,1,3,7,6,1,1
1,42,50,2196.98,109849.0,2,1,1,9,8,1,1
1,69,44,2652.94,116729.36,2,0,2,2,1,1,1
1,43,33,2361.89,77942.37,0,1,2,1,8,0,0
1,64,66,1686.83,111330.78,1,1,2,8,4,1,1
0,46,66,1385.26,91427.16,1,2,3,3,3,0,0
1,30,56,1903.44,106592.64,2,0,2,3,10,0,0
0,61,33,2625.07,86627.31,1,0,3,3,5,0,1
0,64,10,859.07,8590.7,2,2,2,6,10,1,0
0,19,13,844.91,10983.83,0,1,3,2,2,0,0
0,21,24,986.72,23681.28,0,0,1,1,7,0,0
0,35,23,2406.78,55355.94,0,2,2,4,10,0,0
0,52,10,1608.95,16089.5,0,2,0,4,7,0,0
0,49,55,2826.61,155463.55,0,1,3,6,2,1,1
1,59,18,570.46,10268.28,0,0,0,7,5,0,0
0,30,26,2329.75,60573.5,2,2,2,7,7,1,1
1,21,18,1930.15,34742.7,1,0,3,3,2,0,1
1,19,44,2598.32,114326.08,0,2,1,1,6,0,0
0,39,26,2066.69,53733.94,1,0,2,1,6,0,0
1,47,58,326.71,18949.18,1,0,3,6,1,1,0
1,32,40,804.54,32181.6,2,1,3,10,5,0,1
1,47,9,1024.6,9221.4,0,2,0,10,3,1,1
0,46,3,1101.85,3305.55,1,2,0,7,8,1,0
0,42,40,1129.45,45178.0,0,1,3,1,4,0,0
0,57,19,757.59,14394.21,1,0,3,5,9,0,0
0,44,26,2613.95,67962.7,1,1,1,2,2,1,1
0,42,8,2599.58,20796.64,1,1,0,0,2,1,1
0,56,61,749.19,45700.59,2,2,0,6,2,1,0
0,39,72,2660.5,191556.0,1,2,3,0,3,1,0
0,36,24,569.98,13679.52,2,1,0,2,9,0,0
1,47,64,1790.98,114622.72,0,2,1,3,2,0,0
0,27,60,1933.33,115999.8,1,1,3,10,3,1,1
0,23,11,2438.92,26828.12,0,0,2,4,8,1,1
0,20,47,2709.27,127335.69,0,1,3,6,10,1,0
1,68,44,1453.79,63966.76,0,0,3,9,8,0,0
0,37,50,675.29,33764.5,1,0,2,1,2,0,0
1,29,11,2696.88,29665.68,0,1,0,8,7,1,1
0,63,56,914.32,51201.92,0,1,3,1,7,0,0
0,31,1,2471.91,2471.91,0,0,0,10,6,1,1
0,28,57,2472.09,140909.13,2,2,1,0,1,1,1
0,66,40,1968.95,78758.0,2,1,0,3,3,0,1
0,65,30,2912.9,87387.0,1,2,0,3,6,0,1
1,32,27,823.28,22228.56,1,0,2,5,1,0,1
1,55,65,1179.39,76660.35,1,0,0,10,5,0,0
0,28,63,2186.55,137752.65,2,1,2,0,1,1,0
0,18,10,674.3,6743.0,0,2,0,5,2,1,1
1,61,48,1275.84,61240.32,2,0,2,0,7,0,0
0,49,62,977.32,60593.84,0,0,0,0,1,0,0
1,51,48,2036.26,97740.48,1,0,0,2,9,0,0
0,59,41,793.13,32518.33,0,1,2,8,3,1,1
1,24,58,1912.43,110920.94,1,2,0,2,6,0,0
1,65,3,1203.41,3610.23,2,0,2,7,10,1,0
1,19,66,814.85,53780.1,1,2,2,3,8,0,0
0,62,64,2548.68,163115.52,1,0,0,3,10,0,0
1,55,59,2420.38,142802.42,0,0,0,1,9,0,0
0,45,44,1086.82,47820.08,0,1,2,4,8,0,0
1,35,20,2002.77,40055.4,2,0,0,8,3,1,1
0,45,43,1465.23,63004.89,0,2,0,8,1,1,1
1,61,68,2484.28,168931.04,1,1,3,8,6,1,1
1,36,56,2295.42,128543.52,0,0,2,1,4,1,0
0,47,61,1358.55,82871.55,0,0,3,9,7,0,0
1,67,61,1404.43,85670.23,0,0,0,7,3,1,1
1,65,23,2020.87,46480.01,0,2,3,5,8,0,0
0,25,2,2789.21,5578.42,0,2,2,5,5,1,1
0,62,50,2386.72,119336.0,1,2,2,5,1,1,1
1,45,34,418.19,14218.46,2,0,2,2,1,0,0
1,62,19,1085.32,20621.08,0,1,2,0,5,0,0
0,46,48,611.12,29333.76,0,1,0,6,1,1,0
1,48,68,1591.74,108238.32,2,1,1,3,8,0,0
0,36,71,1816.63,128980.73,2,0,3,6,3,1,1
1,56,22,1095.43,24099.46,1,1,3,5,4,0,0
0,27,49,2762.71,135372.79,2,1,2,7,8,1,1
0,70,71,2403.14,170622.94,2,0,3,7,2,1,1
1,69,34,2212.18,75214.12,2,0,1,4,7,0,0
0,69,5,1045.95,5229.75,2,2,0,5,7,0,0
1,22,22,962.91,21184.02,2,2,2,7,10,0,0
0,27,51,2611.96,133209.96,1,2,1,1,10,0,0
0,24,50,1818.95,90947.5,1,0,3,2,5,0,0
1,20,21,1568.14,32930.94,0,0,2,5,7,0,0
0,44,22,2801.45,61631.9,0,1,1,5,5,0,1
1,39,70,2811.84,196828.8,2,0,1,4,3,1,1
0,30,57,861.85,49125.45,0,2,2,10,7,0,0
0,20,51,1064.71,54300.21,1,2,3,2,5,0,0
1,40,39,2367.51,92332.89,0,2,0,3,8,0,0
0,45,5,1576.4,7882.0,0,1,3,9,7,1,1
1,49,70,2093.6,146552.0,0,1,1,4,7,0,0
1,41,23,328.71,7560.33,0,1,1,1,10,0,0
1,51,44,554.83,24412.52,2,2,2,6,7,0,0
1,32,13,483.21,6281.73,2,0,1,9,1,1,1
1,48,25,2154.35,53858.75,2,1,0,9,5,1,1
0,36,44,768.2,33800.8,2,2,2,4,2,0,0
0,68,48,2750.97,132046.56,2,1,0,7,1,1,1
1,30,51,1821.69,92906.19,0,1,1,8,10,0,0
1,30,43,2985.45,128374.35,2,2,3,5,7,0,1
1,54,14,1029.41,14411.74,2,0,3,5,2,0,1
0,68,5,992.59,4962.95,0,2,0,9,6,1,1
0,55,14,2080.03,29120.42,0,2,2,6,10,1,0
1,18,1,403.83,403.83,2,2,0,8,5,1,1
0,58,68,753.46,51235.28,1,1,1,10,4,1,0
0,66,23,876.94,20169.62,0,2,2,1,1,0,0
0,19,39,1337.92,52178.88,2,0,0,7,7,0,0
1,54,37,2686.92,99416.04,1,0,0,2,9,0,0
0,46,69,1727.28,119182.32,1,1,2,5,1,0,1
1,25,37,2361.82,87387.34,0,2,3,10,3,1,1
0,54,35,1011.66,35408.1,2,0,0,0,1,0,0
0,47,19,2267.29,43078.51,0,1,3,1,2,1,1
1,45,25,824.29,20607.25,0,1,2,3,9,0,0
1,57,72,553.48,39850.56,0,2,0,6,7,0,0
1,27,53,2944.87,156078.11,1,1,1,5,3,1,1
0,27,18,2407.44,43333.92,1,2,1,1,1,1,1
0,24,52,1852.08,96308.16,0,1,2,0,3,0,0
1,62,44,2280.06,100322.64,1,1,0,1,9,0,0
1,48,64,699.26,44752.64,2,0,2,4,3,0,0
0,52,17,2312.2,39307.4,0,2,2,7,9,1,1
1,61,4,1288.8,5155.2,2,2,0,6,10,1,0
1,63,44,1837.39,80845.16,0,1,0,0,9,0,0
1,39,64,1843.37,117975.68,1,2,2,3,10,0,0
0,40,52,2915.73,151617.96,2,0,2,8,5,1,1
1,51,3,1080.11,3240.33,2,2,3,8,7,1,1
1,40,62,2559.93,158715.66,2,0,2,2,7,0,0
0,34,22,1816.39,39960.58,1,2,1,6,1,1,1
1,35,16,584.8,9356.8,2,2,1,7,9,0,0
1,23,35,2396.0,83860.0,0,0,1,1,10,0,0
0,24,13,2122.97,27598.61,1,1,1,9,1,1,1
0,60,48,2019.21,96922.08,0,2,3,6,6,1,0
1,59,37,413.82,15311.34,0,1,1,7,5,0,0
0,59,27,357.57,9654.39,2,0,0,2,9,0,0
0,52,14,1702.46,23834.44,0,0,3,1,10,0,0
1,56,38,2365.16,89876.08,1,2,3,7,9,1,0
0,70,2,338.35,676.7,0,2,1,2,6,0,0
0,61,8,2671.43,21371.44,1,0,3,9,4,1,1
0,18,56,2846.72,159416.32,1,2,1,1,2,1,1
0,59,64,2390.44,152988.16,1,2,0,2,10,0,0
0,55,21,580.49,12190.29,2,1,2,5,7,0,0
1,65,14,328.24,4595.36,0,2,2,4,5,0,0
0,58,5,471.69,2358.45,0,0,3,4,3,1,1
0,45,22,2036.7,44807.4,2,0,0,3,7,0,0
1,49,48,2858.08,137187.84,2,1,3,10,6,1,1
1,56,5,1596.75,7983.75,1,1,0,1,8,0,0
1,49,14,1367.08,19139.12,0,1,1,10,4,1,1
1,26,28,2953.47,82697.16,2,1,1,1,9,0,0
1,51,3,631.61,1894.83,1,2,2,5,10,0,0
0,46,34,2777.96,94450.64,1,0,2,10,7,1,1
0,43,64,1229.37,78679.68,0,0,0,5,5,0,0
1,55,66,340.08,22445.28,0,0,2,8,2,1,0
1,37,43,688.01,29584.43,2,0,2,1,10,0,0
1,20,60,2167.34,130040.4,1,0,1,4,3,1,1
0,40,72,500.46,36033.12,2,2,3,3,10,0,0
0,31,70,2774.06,194184.2,1,0,0,7,7,1,1
0,53,3,2440.39,7321.17,0,0,1,0,4,1,1
1,48,14,2311.47,32360.58,1,1,0,3,6,0,1
0,59,66,1999.78,131985.48,0,0,3,2,8,0,0
0,62,53,856.81,45410.93,0,2,1,8,5,0,0
1,51,24,814.85,19556.4,0,1,1,3,4,0,0
1,37,71,2248.61,159651.31,1,0,2,5,8,0,0
0,45,21,946.49,19876.29,2,0,1,4,9,0,0
1,36,68,702.72,47784.96,1,1,1,9,1,1,1
1,47,50,1400.68,70034.0,0,0,0,10,9,0,0
1,29,12,2577.99,30935.88,1,0,1,2,10,0,0
1,31,2,2487.22,4974.44,0,1,1,9,9,1,1
0,68,34,1001.43,34048.62,0,0,1,4,3,0,0
1,23,16,1370.04,21920.64,2,0,1,2,7,0,0
1,27,7,2191.06,15337.42,0,2,3,3,10,1,0
1,35,47,1311.62,61646.14,1,1,1,4,7,0,0
1,61,29,2784.02,80736.58,1,0,2,0,6,0,0
1,67,69,1273.19,87850.11,1,0,0,7,6,0,0
1,64,28,1684.52,47166.56,0,1,0,9,7,0,1
0,56,41,1381.1,56625.1,2,2,1,7,7,0,0
0,67,68,1608.47,109375.96,0,2,0,2,3,0,0
0,67,13,2676.69,34796.97,0,0,1,2,5,0,1
0,54,48,943.7,45297.6,2,0,1,10,5,0,1
0,56,66,1528.31,100868.46,0,1,1,2,4,0,0
1,46,64,2998.22,191886.08,2,0,0,0,4,1,0
0,48,8,2964.83,23718.64,0,1,1,6,7,1,1
0,19,33,2921.68,96415.44,2,2,3,5,5,0,1
1,67,71,1789.7,127068.7,1,2,3,6,9,0,0
1,33,69,373.01,25737.69,2,1,1,5,2,0,0
0,28,12,1382.08,16584.96,0,0,3,5,6,0,1
0,45,55,2091.6,115038.0,1,2,2,7,5,1,1
1,46,55,1365.84,75121.2,1,2,0,0,9,0,0
1,53,14,479.42,6711.88,1,0,3,9,7,0,0
1,30,54,736.18,39753.72,0,2,1,6,6,0,0
1,55,34,2124.36,72228.24,0,2,2,10,10,1,1
0,39,34,1230.49,41836.66,0,0,2,2,7,0,0
1,44,62,2968.76,184063.12,2,0,3,3,5,0,1
0,65,23,532.23,12241.29,1,1,0,5,9,0,0
0,18,22,359.76,7914.72,0,0,3,0,4,0,0
1,49,63,2936.06,184971.78,0,1,0,3,6,0,1
0,34,64,2736.33,175125.12,1,2,3,7,9,1,1
0,40,70,2696.46,188752.2,0,1,2,8,2,1,1
0,33,63,1866.83,117610.29,1,2,1,6,6,0,0
1,60,58,906.01,52548.58,0,0,0,7,1,1,1
1,20,28,1370.89,38384.92,1,0,2,10,10,0,0
0,39,60,2153.92,129235.2,2,1,1,6,4,1,1
0,51,5,1078.08,5390.4,1,0,0,2,2,1,1
0,70,49,480.39,23539.11,2,0,3,1,1,0,0
0,20,29,1790.49,51924.21,1,0,0,9,8,0,1
1,67,50,1230.24,61512.0,1,1,3,4,10,0,0
0,64,33,1194.27,39410.91,2,0,2,10,5,0,1
1,32,65,2826.6,183729.0,0,1,2,5,8,0,0
1,52,20,1466.95,29339.0,2,2,0,8,9,0,0
1,67,29,1784.12,51739.48,1,2,1,4,6,0,0
0,66,31,2598.79,80562.49,1,2,3,8,3,1,1
1,69,13,2505.35,32569.55,2,1,2,8,6,1,1
0,51,11,1550.26,17052.86,0,2,1,10,1,1,1
1,30,12,1017.09,12205.08,0,1,3,7,6,0,1
1,56,7,918.3,6428.1,0,0,2,10,10,1,0
0,38,65,1159.99,75399.35,2,0,3,4,3,0,0
1,66,22,357.57,7866.54,0,0,2,8,5,0,0
0,44,57,611.74,34869.18,0,1,1,2,4,0,0
0,18,17,1092.37,18570.29,1,2,0,2,4,0,0
0,21,33,1352.2,44622.6,2,2,2,9,9,0,0
1,60,19,1015.82,19300.58,2,1,1,6,4,1,1
1,37,13,359.34,4671.42,2,2,1,2,6,0,0
1,58,36,1529.8,55072.8,1,2,0,7,4,1,1
0,49,8,1793.5,14348.0,0,1,1,10,4,1,1
0,60,69,2503.27,172725.63,0,1,3,3,2,1,1
0,31,62,1329.37,82420.94,0,2,0,6,2,1,0
0,38,57,2144.17,122217.69,2,2,3,8,10,1,0
1,18,20,2274.08,45481.6,1,0,0,4,9,0,0
0,39,13,1815.71,23604.23,1,0,3,3,3,0,1
0,32,70,1724.89,120742.3,2,2,0,2,9,0,0
0,33,10,1287.92,12879.2,1,1,1,2,2,1,1
1,51,30,2269.7,68091.0,0,2,3,6,1,1,1
1,30,20,2863.04,57260.8,0,2,0,4,10,0,0
1,37,2,1109.7,2219.4,1,2,3,8,8,1,1
1,54,16,924.42,14790.72,1,1,0,5,3,0,1
0,51,56,457.56,25623.36,0,2,1,1,8,0,0
1,57,20,1482.01,29640.2,1,0,0,0,2,0,0
0,54,2,1994.86,3989.72,1,1,1,10,5,1,1
1,69,17,2412.58,41013.86,0,1,0,10,6,1,1
1,45,7,818.01,5726.07,0,2,3,1,10,0,0
1,47,7,693.46,4854.22,1,1,1,6,4,1,1
0,25,47,2644.28,124281.16,1,1,2,7,5,1,1
0,32,25,827.22,20680.5,1,2,1,10,3,1,1
1,39,59,1791.26,105684.34,2,2,3,10,7,0,1
0,43,66,566.38,37381.08,1,2,2,1,2,0,0
1,52,45,1578.86,71048.7,0,2,3,7,2,1,1
0,55,44,836.65,36812.6,0,0,2,1,5,0,0
0,27,7,521.74,3652.18,1,0,3,10,4,1,1
1,56,66,1487.55,98178.3,1,2,1,6,8,0,0
0,31,39,2546.87,99327.93,0,2,0,8,8,1,1
1,32,5,1051.76,5258.8,1,1,1,3,6,0,0
1,68,4,2142.91,8571.64,2,1,2,5,1,1,1
0,50,13,329.97,4289.61,2,0,1,8,4,1,1
1,67,29,2028.32,58821.28,1,0,2,3,6,0,0
0,24,55,1784.33,98138.15,2,0,1,8,8,0,0
1,28,41,2184.59,89568.19,0,2,1,5,8,0,0
0,54,5,2300.25,11501.25,2,0,1,5,2,1,1
1,52,8,2148.13,17185.04,0,1,3,7,8,1,1
0,41,27,1198.41,32357.07,0,0,3,8,3,1,1
0,46,58,2386.1,138393.8,1,2,3,10,8,1,1
1,24,31,571.75,17724.25,0,0,1,8,8,0,0
1,31,22,956.65,21046.3,0,2,1,10,6,0,1
1,43,18,1287.76,23179.68,1,0,3,5,6,0,0
1,69,33,2216.35,73139.55,0,0,1,1,7,0,0
1,40,62,818.75,50762.5,1,0,1,0,1,0,0
1,19,42,2166.69,91000.98,1,0,0,2,9,0,0
0,70,46,348.7,16040.2,0,1,1,1,1,0,0
1,64,66,2789.41,184101.06,0,2,1,2,6,0,0
0,53,20,2165.4,43308.0,2,0,3,2,3,1,1
0,35,48,2132.22,102346.56,0,0,0,1,9,0,0
1,54,60,781.58,46894.8,0,2,2,1,9,0,0
1,24,24,1719.27,41262.48,1,2,3,1,3,0,0
1,43,57,367.96,20973.72,0,0,1,9,5,0,0
1,27,46,2209.51,101637.46,0,1,0,0,4,1,0
1,42,15,2014.27,30214.05,2,1,2,1,9,0,0
0,40,1,1163.25,1163.25,0,1,1,5,9,0,0
0,55,18,2907.02,52326.36,2,1,3,4,9,0,0
1,50,5,1822.7,9113.5,2,0,3,6,8,1,1
1,26,20,2840.43,56808.6,2,1,2,9,8,1,1
0,61,66,2374.05,156687.3,1,0,3,10,3,1,1
0,21,54,2247.66,121373.64,1,0,2,9,8,1,1
1,29,45,1935.0,87075.0,0,0,0,3,7,0,0
1,28,15,2234.51,33517.65,0,1,2,10,1,1,1
1,44,53,498.46,26418.38,2,2,0,0,10,0,0
1,43,34,2165.11,73613.74,1,1,1,4,1,1,1
0,58,53,466.22,24709.66,0,2,0,0,1,0,0
1,63,56,1755.27,98295.12,1,2,0,4,7,0,0
1,22,68,1151.5,78302.0,2,1,3,10,5,0,0
1,21,18,549.72,9894.96,1,1,0,0,10,0,0
1,44,52,2250.0,117000.0,0,1,0,3,4,1,0
0,60,66,1575.26,103967.16,2,1,2,6,8,0,0
1,38,21,2550.07,53551.47,0,1,1,1,3,1,1
0,49,10,442.72,4427.2,0,2,1,3,5,0,0
0,30,58,1491.97,86534.26,2,1,0,6,4,1,0
0,61,26,1049.36,27283.36,1,1,0,9,2,1,1
0,21,3,1251.78,3755.34,1,1,1,3,1,1,1
1,46,64,2192.78,140337.92,1,0,2,5,9,0,0
0,47,46,568.5,26151.0,2,0,0,8,6,0,0
0,59,67,1812.18,121416.06,2,1,1,1,1,0,0
1,31,5,741.96,3709.8,1,0,2,9,2,1,1
0,23,44,2202.7,96918.8,1,0,2,7,4,1,1
0,33,31,1859.48,57643.88,1,1,0,5,8,0,0
0,40,22,2364.88,52027.36,0,0,2,1,1,1,1
1,58,6,1317.46,7904.76,0,0,0,9,9,1,1
0,62,5,313.16,1565.8,0,0,0,6,10,1,0
1,22,55,2000.06,110003.3,0,0,0,10,8,1,1
1,46,30,1001.05,30031.5,2,2,3,10,5,0,1
0,48,40,2927.08,117083.2,2,1,3,5,10,0,0
0,35,38,2228.86,84696.68,2,0,1,4,3,1,1
0,29,29,2085.62,60482.98,2,0,2,5,6,0,1
1,66,20,651.92,13038.4,2,0,2,5,9,0,0
1,52,45,1320.08,59403.6,2,1,2,5,6,0,0
0,45,52,2137.43,111146.36,1,2,2,5,6,0,0
0,41,36,1947.54,70111.44,2,2,1,3,4,0,0
0,38,7,2393.83,16756.81,0,1,2,9,4,1,1
0,44,61,2809.92,171405.12,2,1,1,3,8,0,0
0,35,22,1475.07,32451.54,0,1,2,10,9,0,1
1,67,62,369.45,22905.9,2,0,1,1,9,0,0
1,66,67,456.33,30574.11,0,1,2,8,6,0,0
0,44,5,841.34,4206.7,0,1,3,4,3,1,1
0,22,10,1534.16,15341.6,2,2,3,6,1,1,1
1,60,36,2442.38,87925.68,0,0,2,4,5,0,1
1,31,27,2221.07,59968.89,1,1,0,10,3,1,1
1,39,16,599.48,9591.68,0,1,0,1,7,0,0
0,53,68,321.5,21862.0,1,0,0,1,10,0,0
1,33,20,1940.77,38815.4,0,0,2,9,8,0,1
1,30,34,2791.06,94896.04,0,0,3,5,5,0,1
0,53,45,1211.03,54496.35,1,1,1,3,4,0,0
1,24,37,2276.87,84244.19,2,0,0,10,9,1,1
0,25,70,2553.52,178746.4,2,0,2,8,6,1,1
0,61,39,2140.16,83466.24,2,2,0,2,8,0,0
0,41,29,2433.3,70565.7,2,0,0,0,5,0,0
1,38,52,2295.62,119372.24,1,1,2,1,7,0,0
0,68,17,962.01,16354.17,2,0,2,3,7,0,0
1,64,28,2596.12,72691.36,1,0,0,10,4,1,1
0,21,26,2971.69,77263.94,1,2,2,7,9,1,1
1,42,55,2173.85,119561.75,2,2,3,4,5,0,0
0,45,45,2722.87,122529.15,0,0,2,10,7,1,1
0,59,65,2536.96,164902.4,0,2,1,1,7,0,0
0,51,27,862.65,23291.55,1,2,3,7,8,0,0
0,67,6,2149.26,12895.56,1,0,1,9,9,1,1
0,60,4,489.27,1957.08,0,0,2,8,1,1,1
1,23,70,1808.63,126604.1,1,1,3,9,2,1,1
0,61,64,630.13,40328.32,1,2,0,5,2,0,0
1,32,1,2375.83,2375.83,1,0,2,3,4,1,1
1,36,12,2429.75,29157.0,2,0,1,3,1,1,1
1,45,42,1293.15,54312.3,1,1,3,10,3,1,1
1,36,66,2187.48,144373.68,1,2,1,0,3,1,0
0,64,16,606.81,9708.96,2,2,1,3,1,0,0
1,31,20,681.63,13632.6,2,1,1,2,1,0,0
1,65,6,1315.26,7891.56,0,2,3,10,6,1,1
1,69,25,1816.95,45423.75,1,2,2,8,2,1,1
1,68,70,387.28,27109.6,0,2,3,7,9,0,0
0,23,17,2980.49,50668.33,0,2,1,10,1,1,1
1,34,4,2933.61,11734.44,0,2,3,7,6,1,1
0,69,66,2330.54,153815.64,0,0,0,2,3,1,0
0,23,7,591.45,4140.15,2,2,3,1,4,1,0
0,52,70,1744.62,122123.4,2,0,2,2,9,0,0
1,58,68,1872.13,127304.84,0,2,2,5,2,0,1
1,40,44,1570.0,69080.0,2,1,3,0,9,0,0
0,63,4,541.06,2164.24,2,0,2,0,7,0,0
0,22,52,532.73,27701.96,0,2,1,1,8,0,0
1,38,40,1793.0,71720.0,0,0,2,6,10,0,0
1,58,36,831.62,29938.32,2,1,0,10,5,0,1
0,65,63,2192.88,138151.44,2,1,1,5,7,0,0
1,53,20,1161.4,23228.0,1,0,0,0,10,0,0
0,48,39,2120.26,82690.14,1,2,0,2,3,1,0
0,31,57,1670.14,95197.98,2,1,2,9,6,0,1
0,62,47,438.21,20595.87,0,2,2,5,8,0,0
1,57,19,2753.23,52311.37,0,1,2,1,9,0,0
0,67,19,1742.28,33103.32,0,1,2,7,10,0,0
0,25,8,2568.09,20544.72,0,0,3,2,10,1,0
1,18,65,1873.87,121801.55,2,2,2,2,10,0,0
0,26,6,559.08,3354.48,2,2,3,10,4,1,1
0,66,41,2656.02,108896.82,1,0,2,3,5,0,1
0,36,34,1249.14,42470.76,1,0,1,5,1,0,1
0,55,67,343.3,23001.1,0,1,2,7,7,0,0
1,55,7,2494.92,17464.44,2,2,3,0,8,1,0
0,44,1,2577.37,2577.37,1,0,3,1,5,1,1
0,34,24,2399.33,57583.92,2,2,1,2,8,0,0
0,70,28,987.25,27643.0,2,0,1,6,5,0,0
1,34,58,1368.56,79376.48,0,1,0,7,1,1,1
0,55,3,605.47,1816.41,0,0,3,7,7,1,0
1,30,40,2307.29,92291.6,1,2,3,7,3,1,1
0,67,9,1741.73,15675.57,2,2,2,4,5,0,1
1,30,70,1095.66,76696.2,1,2,2,5,8,0,0
0,64,55,2807.02,154386.1,2,1,3,5,4,1,1
0,26,5,498.07,2490.35,2,2,0,7,3,1,1
0,33,54,550.69,29737.26,0,2,2,5,1,0,0
0,51,63,678.54,42748.02,1,0,0,8,9,0,0
0,24,30,714.2,21426.0,2,2,0,8,9,0,0
0,41,30,369.09,11072.7,1,2,0,4,2,0,0
1,30,41,1364.49,55944.09,2,0,3,6,6,0,0
1,49,21,1075.79,22591.59,1,1,0,7,10,0,0
1,27,69,1892.26,130565.94,0,2,1,6,5,0,0
1,60,10,441.49,4414.9,1,1,2,2,3,1,0
0,58,1,612.83,612.83,1,2,1,5,4,1,1
0,49,65,2984.61,193999.65,0,2,3,10,1,1,1
1,30,63,817.26,51487.38,0,1,1,0,10,0,0
1,39,69,2751.02,189820.38,0,1,0,9,4,1,1
0,28,57,599.12,34149.84,2,0,0,4,10,0,0
1,67,42,2421.04,101683.68,1,0,1,3,7,0,0
1,39,72,1035.3,74541.6,0,1,1,9,5,0,0
0,55,61,1618.13,98705.93,2,2,3,6,5,0,0
0,28,5,1439.41,7197.05,0,1,2,2,2,1,1
0,29,32,2191.98,70143.36,0,1,1,5,9,0,0
1,67,28,2032.98,56923.44,1,1,3,6,7,1,1
1,66,49,2372.93,116273.57,0,2,3,5,8,0,0
0,45,41,2682.68,109989.88,2,2,0,8,5,1,1
1,28,23,409.67,9422.41,2,1,1,4,4,0,0
1,37,12,707.26,8487.12,1,2,0,7,2,1,1
0,70,66,841.06,55509.96,0,2,1,7,10,0,0
1,22,65,1692.36,110003.4,1,1,3,4,4,0,0
0,59,37,2839.02,105043.74,2,0,3,7,5,1,1
1,65,54,1815.39,98031.06,1,2,1,2,9,0,0
1,58,54,659.27,35600.58,1,2,1,0,4,0,0
1,31,3,449.07,1347.21,1,0,3,9,5,1,1
0,53,38,1106.01,42028.38,0,0,3,4,9,0,0
0,23,30,1561.79,46853.7,2,1,0,8,8,0,0
1,26,39,2345.05,91456.95,2,2,0,6,6,1,1
0,64,33,468.7,15467.1,1,1,2,3,8,0,0
1,54,40,1824.48,72979.2,0,0,2,3,2,0,1
1,66,72,1505.72,108411.84,2,0,0,7,1,1,1
0,65,11,844.19,9286.09,2,2,0,8,2,1,1
0,18,58,2889.39,167584.62,2,0,3,4,5,0,1
0,45,41,1405.36,57619.76,2,2,1,10,2,1,1
0,64,45,2159.07,97158.15,1,2,0,5,9,0,0
0,60,34,2011.14,68378.76,2,2,1,4,8,0,0
1,51,20,2816.75,56335.0,0,1,0,9,10,1,1
0,50,72,1457.64,104950.08,1,1,2,0,5,0,0
0,30,48,2296.78,110245.44,2,2,1,8,1,1,1
1,25,38,795.22,30218.36,2,0,1,6,1,1,1
0,35,56,679.91,38074.96,2,2,1,5,6,0,0
0,69,45,1079.34,48570.3,2,2,3,2,5,0,0
0,40,69,948.4,65439.6,2,0,0,3,5,0,0
0,19,59,1633.94,96402.46,2,1,1,9,1,1,1
0,25,31,657.07,20369.17,0,2,0,0,6,0,0
1,35,4,1258.12,5032.48,1,0,1,1,5,0,0
1,65,63,927.2,58413.6,0,0,3,6,1,1,0
1,41,60,2125.81,127548.6,1,0,3,3,5,0,0
1,19,61,2045.56,124779.16,1,1,3,0,6,0,0
1,62,71,2377.57,168807.47,0,0,0,1,4,1,0
0,42,70,2942.61,205982.7,0,1,0,10,7,1,1
0,23,32,1832.79,58649.28,1,0,1,4,7,0,0
0,42,46,2172.03,99913.38,0,1,2,9,5,1,1
1,51,64,1252.96,80189.44,1,1,3,5,8,0,0
0,41,10,1067.51,10675.1,2,2,2,9,6,1,1
1,65,26,730.88,19002.88,0,1,2,3,2,0,0
0,43,34,383.85,13050.9,1,0,1,10,2,1,1
1,40,1,1177.21,1177.21,0,0,1,9,1,1,1
1,68,10,1557.73,15577.3,0,0,2,2,4,1,0
1,65,50,514.51,25725.5,0,2,2,6,3,1,0
1,47,41,398.52,16339.32,2,0,3,6,7,0,0
1,20,55,1858.56,102220.8,0,0,0,5,6,0,0
1,51,69,2131.24,147055.56,1,0,0,0,3,1,0
0,44,2,2550.97,5101.94,2,0,2,0,6,1,0
1,70,57,2594.42,147881.94,1,0,3,3,9,0,0
1,43,68,2258.84,153601.12,0,2,1,2,4,1,0
1,62,21,2588.59,54360.39,0,2,3,3,5,0,1
0,52,19,2991.74,56843.06,2,0,0,10,1,1,1
1,31,65,2524.62,164100.3,2,2,0,4,6,0,0
0,25,13,2410.82,31340.66,2,2,2,1,4,1,1
0,27,18,2791.82,50252.76,0,0,3,10,7,1,1
1,42,38,635.08,24133.04,2,2,2,7,7,0,0
1,20,35,2162.08,75672.8,1,0,2,8,1,1,1
1,21,24,2638.79,63330.96,0,1,1,1,4,1,1
1,23,61,2588.87,157921.07,1,2,3,4,6,0,0
0,18,5,1436.27,7181.35,1,2,2,1,9,0,0
0,63,9,2794.38,25149.42,2,2,0,2,7,1,0
1,39,65,1185.43,77052.95,0,1,3,3,8,0,0
1,31,63,380.46,23968.98,2,1,3,7,10,0,0
1,58,12,2210.46,26525.52,0,0,1,8,2,1,1
0,60,9,2321.87,20896.83,2,2,2,6,2,1,1
1,30,20,697.52,13950.4,0,0,1,2,3,0,0
0,47,18,668.44,12031.92,2,2,2,4,8,0,0
0,64,34,2828.39,96165.26,1,2,2,8,2,1,1
1,28,15,2012.2,30183.0,2,2,2,7,3,1,1
0,62,46,1185.09,54514.14,0,0,1,5,6,0,0
1,31,21,1917.24,40262.04,0,0,3,1,4,0,0
0,52,63,2675.58,168561.54,0,1,3,10,5,1,1
0,30,52,2337.66,121558.32,0,0,2,1,6,0,0
1,67,25,1902.14,47553.5,2,1,1,10,8,0,1
0,46,11,706.07,7766.77,0,1,1,5,6,0,0
1,33,72,2227.73,160396.56,2,0,0,9,2,1,1
0,48,51,1193.78,60882.78,0,1,0,3,5,0,0
0,67,64,844.42,54042.88,0,0,1,6,1,1,0
1,32,52,2188.57,113805.64,2,0,1,3,6,0,0
1,68,56,332.23,18604.88,0,1,3,7,4,1,0
1,38,37,1304.15,48253.55,2,0,3,2,4,0,0
0,31,31,2507.55,77734.05,2,1,1,3,8,0,0
0,25,21,1959.7,41153.7,0,0,3,8,1,1,1
0,42,63,563.4,35494.2,0,2,0,8,2,1,0
0,46,42,723.79,30399.18,1,1,1,5,4,0,0
1,28,67,1930.44,129339.48,2,1,3,4,3,0,0
1,49,11,2723.22,29955.42,0,2,1,3,2,1,1
1,59,72,960.31,69142.32,2,1,3,1,3,0,0
1,28,51,1397.85,71290.35,1,0,1,0,2,0,0
0,70,64,2007.6,128486.4,0,2,0,9,2,1,1
1,68,10,585.44,5854.4,1,0,3,2,7,0,0
1,63,17,1757.45,29876.65,2,2,3,9,4,1,1
1,24,7,435.91,3051.37,2,2,2,3,6,0,0
1,69,10,2772.06,27720.6,2,1,3,6,6,1,1
1,57,68,435.35,29603.8,0,2,2,5,3,0,0
1,46,71,1639.17,116381.07,0,0,2,10,5,0,1
1,65,45,2130.28,95862.6,1,1,2,8,1,1,1
1,29,65,1925.85,125180.25,2,2,2,6,7,0,0
1,33,32,2204.89,70556.48,1,2,1,0,6,0,0
1,37,66,2485.09,164015.94,0,1,1,2,10,0,0
1,36,14,839.15,11748.1,0,0,0,1,6,0,0
